"advertiserId","programmeName","conversionRate","approvalRate","epc","launchDate","paymentStatus","paymentRiskLevel","awinIndex","feedEnabled","productReporting","commissionMin","commissionMax","leadMin","leadMax","cookieLength","parentSectors","subSectors","primarySector","averagePaymentTime","primaryRegion","descriptionShort","logoUrl","displayUrl"
"126151","OneBioShop_International","","0.00","0.00","2026-05-04","amber","exposurelevel2","0","no","no","0","0","0","0","30","Retail & Shopping","Health & Beauty","Health & Beauty","null","IT","OneBioShop is a leading Italian parafarmacy e-commerce, active since 2018, with over 180,000 SKUs across health, wellness, and natural products. We offer worldwide shipping with DDP terms and DGR-certified logistics.","https://ui.awin.com/images/upload/merchant/profile/126151.png","https://onebioshop.com/en/"
"126139","FansJerseyHub","8.63761","77.42","0.48","2026-04-20","amber","exposurelevel1","82.8577","no","yes","0","0","0","0","30","","Childrenswear|Clothing|Clothing Accessories|DIY|Group Buying|Menswear|Sports Equipment|Sportswear|Womenswear","Sportswear","null","US","High-converting football-inspired apparel brand built for affiliate profit. World Cup 2026 demand, competitive pricing, and strong social traffic. Exclusive coupons and TikTok-ready creatives boost conversions. 15 years focused on football apparel.","https://ui.awin.com/images/upload/merchant/profile/126139.png","https://fansjerseyhub1.com/"
"99151","Navimow EU","2.74841","98.13","1.96","2024-08-15","amber","exposurelevel2","47.1011","yes","no","0","0","0","0","30","Retail & Shopping","Home & Garden","Home & Garden","169","DE","Navimow is a smart robotic lawnmower that uses virtual boundaries to mow in precise straight lines, keeping your lawn perfectly maintained 24/7. We aim to provide an intelligent and convenient lifestyle to everyone without boundaries.","https://ui.awin.com/images/upload/merchant/profile/99151.png","https://navimow.segway.com/"
"68106","HTVRont","1.48963","74.51","0.75","2025-06-25","green","none","45.0943","yes","yes","0","0","0","0","30","Retail & Shopping","Home & Garden","Home & Garden","58","US"," 
 
About HTV","https://ui.awin.com/images/upload/merchant/profile/68106.png","https://www.htvront.com"
"93343","The Inner Technology LLC","2.37771","60.00","0.30","2025-07-23","green","none","0","no","yes","0","0","0","0","90","Retail & Shopping","Computers","Computers","72","US","About iProVPN is one of the leading VPN service providers in the world, allowing users across 35+ countries to anonymously and privately browse the web without restrictions.","https://ui.awin.com/images/upload/merchant/profile/93343.png","https://iprovpn.com"
"127361","Aussui Affiliate Programme (UK)","","0.00","0.00","2026-06-06","amber","exposurelevel1","0","yes","no","0","0","0","0","30","","Gifts & Flowers|Digital TV & Video-on-Demand|Entertainment Downloads|Online Gaming","Online Gaming","null","GB","Aussui is a global digital marketplace offering game keys, gift cards, subscriptions, and gaming products with instant delivery, competitive prices, secure payments, and a wide selection of top gaming and entertainment brands.","https://ui.awin.com/images/upload/merchant/profile/127361.png","https://aussui.com/"
"34947","Xcaret Global","3.39356","77.19","1.15","2022-11-09","amber","exposurelevel4","57.5791","no","yes","0","0","0","0","30","Travel","Hotels & Accommodation|Tourism & Attractions","Tourism & Attractions","179","MX","Since 1990, Xcaret has been an icon in the Cancun - Riviera Maya area.Our 8 different Eco-Theme Parks surrounded by nature allow visitors to enjoy several activities.","https://ui.awin.com/images/upload/merchant/profile/34947.png","https://www.xcaret.com/es/parques-en-cancun/"
"128757","HelloSafe","","0.00","0.00","2026-07-17","amber","exposurelevel1","","no","no","0","0","0","0","30","Finance & Insurance|Travel","Insurance|Lead Gen","Insurance","null","FR","Global travel insurance marketplace in 20+ languages and 42 currencies. Funnel converts at 18%+, cover up to $5,000,000. Instant approval, deep links, links ready in 26 languages, commission 10-20%. Plus a bank-card insurance checker.","https://ui.awin.com/images/upload/merchant/profile/128757.png","https://hellosafe.com/"
"82371","The Aeternum Company","7.81155","80.00","1.32","2025-07-23","green","none","83.2768","yes","yes","0","0","0","0","30","","Health & Beauty","Health & Beauty","21","US","10% Commission for each Referral! More for our best affiliates referrers! The Aeternum Company www.aeternum.site","https://ui.awin.com/images/upload/merchant/profile/82371.png","https://www.aeternum.site"
"96499","Ottocast","3.98496","85.37","0.23","2025-06-30","green","none","48.4226","yes","yes","0","0","0","0","45","Retail & Shopping","Automotive","Automotive","70","US","Ottocast offers top-tier CarPlay/Android Auto wireless adapters and CarPlay AI Boxes. With expert design, reliable quality, and global support, we welcome affiliates worldwide—no regional limits, just seamless car tech and trusted service.","https://ui.awin.com/images/upload/merchant/profile/96499.png","https://www.ottocast.com"
"124278","SHAMTAM","9.94624","100.00","0.38","2026-02-17","amber","exposurelevel4","83.6508","no","no","0","0","0","0","30","","Clothing|Clothing Accessories|Furniture & Soft Furnishings|Gifts & Flowers|Green (Eco friendly)|Health & Beauty|Home & Garden|Jewellery","Home & Garden","null","GB","SHAMTAM is a European slow-living lifestyle brand offering curated wellness, spiritual, and home products. Inspired by ancient traditions and modern rituals, we help customers create mindful, meaningful everyday experiences.","https://ui.awin.com/images/upload/merchant/profile/124278.png","https://shamtam.com/"
"118223","Xiaomi RO","1.78107","72.84","0.21","2025-07-30","amber","exposurelevel4","73.2448","yes","no","0","0","0","0","30","Retail & Shopping","Electronic Accessories","Electronic Accessories","153","RO","Xiaomi is a global tech innovator, offering premium-quality smartphones, AIoT devices, smart TVs, and lifestyle gadgets at accessible prices. In Romania, Xiaomi is consistently ranked among the Top 3 smartphone brands.","https://ui.awin.com/images/upload/merchant/profile/118223.png","https://www.mi.com/ro/event/offer-exclusive-deals/?utm_campaign=loeeu&utm_channel=affiliate&utm_medium=paid-affiliate&utm_type=1"
"122032","YAASA DE/AT","4.60264","56.04","1.48","2025-12-12","green","none","55.3038","no","no","0","0","0","0","30","Retail & Shopping","Furniture & Soft Furnishings|Office Supplies","Furniture & Soft Furnishings","38","DE","Yaasa steht für ergonomische Möbel, die Design, Komfort und Funktion vereinen. Von höhenverstellbaren Schreibtischen bis zu ergonomischen Bürostühlen - perfekt fürs Homeoffice oder Büro. Entwickelt in Österreich, mit Fokus auf Qualität und Wohlbefinden.","https://ui.awin.com/images/upload/merchant/profile/122032.png","https://yaasa.com/"
"82935","UniqPaid.com","0.591716","0.43","0.01","2025-08-12","green","none","0","no","yes","0","0","0","0","30","Retail & Shopping","Lead Gen","Lead Gen","null","US","UniqPaid.com - Online Rewards Program! Our members earn Real Cash by Signing Up for Free Offers, Visiting sites, Reading Emails, Shoping Online and more... We pay $1.50 per new user who signs up and confirms his e-mail. The member must complete","https://ui.awin.com/images/upload/merchant/profile/82935.png","https://www.uniqpaid.com"
"114180","Sinocare","4.81336","73.13","0.13","2025-03-21","amber","exposurelevel2","53.0674","yes","no","0","0","0","0","30","Retail & Shopping","FMCG|Gadgets|Green (Eco friendly)|Health & Beauty|Lead Gen|Pharmaceuticals|Sports Equipment","Health & Beauty","78","ES","Sinocare is a leading provider of blood glucose monitoring devices, helping millions manage their health worldwide. By partnering with us, you help your audience access reliable, high-quality health monitoring products while growing your revenue.","https://ui.awin.com/images/upload/merchant/profile/114180.png","https://en.sinocare.com/"
"72399","Tenways - EU","2.82656","78.52","1.52","2024-01-18","amber","exposurelevel4","52.9798","yes","no","0","0","0","0","30","Retail & Shopping","Green (Eco friendly)|Sports Equipment","Sports Equipment","68","DE","Tenways is an international brand founded in 2019 by cycling enthusiasts that designs lightweight bikes with clean, sleek designs, with headquarters in the Netherlands and Hong Kong.","https://ui.awin.com/images/upload/merchant/profile/72399.png","https://www.tenways.com/"
"128677","jimmy.eu","","0.00","0.00","2026-07-22","amber","exposurelevel2","","no","yes","0","0","0","0","30","Retail & Shopping","Health & Beauty|Home & Garden","Home & Garden","null","ES","jimmy.eu is a premium home technology brand specialising in vacuum cleaners, water purifiers, and home wellness tech. Partners earn 8% commission with a 30-day cookie across a fast-growing, health-conscious European audience.","https://ui.awin.com/images/upload/merchant/profile/128677.png","https://jimmy.eu/"
"127469","Deye","","0.00","0.00","2026-06-04","amber","exposurelevel2","0","no","no","0","0","0","0","30","","Electronic Accessories|Green (Eco friendly)|Home & Garden","Green (Eco friendly)","null","DE","Lots of summer discounts and great depreciation offers","https://ui.awin.com/images/upload/merchant/profile/127469.png","https://www.deyestore.com/"
"127319","BizzBox","","0.00","0.00","2026-06-02","amber","exposurelevel1","0","no","no","0","0","0","0","30","Telco's & Services","Business Services (B2B)|Education Training & Recruitment|Entertainment Downloads","Business Services (B2B)","null","US","BizzBox.ai is the all-in-one AI-powered platform built by founders, for founders. Replace 25+ business tools with one affordable subscription across HR, finance, marketing, legal, sales, productivity and AI, helping SMBs save time, reduce costs, and scale","https://ui.awin.com/images/upload/merchant/profile/127319.png","https://www.bizzbox.ai/"
"59557","LaserPecker","4.28497","95.14","3.72","2025-08-18","green","none","79.4712","yes","yes","0","0","0","0","15","","DIY|Gifts & Flowers|Home & Garden|Jewellery|Photos & Print Services","DIY","28","US","LaserPecker revolutionizes laser engraving with portable, user-friendly machines that turn creativity into reality. Earn Up to 10% Commission per sale! Partner with LaserPecker’s affiliate program and help us promote products now!","https://ui.awin.com/images/upload/merchant/profile/59557.png","https://us.laserpecker.net/"
"118431","Vevor Rest of Europe","8.28904","79.13","0.35","2025-08-05","amber","exposurelevel2","63.265","yes","no","0","0","0","0","30","Retail & Shopping","Automotive|DIY|Electronic Accessories|Gadgets|Home & Garden|Office Supplies|Pets & Pet Care|Photos & Print Services|Sports Equipment","Home & Garden","56","DE","VEVOR is dedicated to providing DIYers and professionals with tough equipment  tool at the lowest prices. Fast delivery, 30-day free returns, and 24/7 customer service, which always meets and surpasses the expectations of our customers.","https://ui.awin.com/images/upload/merchant/profile/118431.png","https://eur.vevor.com/"
"126147","Qathu_International","","0.00","0.00","2026-05-04","amber","exposurelevel2","0","no","no","0","0","0","0","30","Retail & Shopping","Health & Beauty","Health & Beauty","null","IT","Qathu is a global beauty e-commerce launched in 2025, offering 140,000+ references across all beauty categories at unbeatable prices. Worldwide DDP shipping and DGR-certified logistics.","https://ui.awin.com/images/upload/merchant/profile/126147.png","https://qathu.com/"
"124878","WAU","","0.00","0.00","2026-03-12","amber","exposurelevel2","0","yes","no","0","0","0","0","30","","Health & Beauty","Health & Beauty","null","GB","WAU Global is a premium beauty and health tech brand offering innovative, professional-grade devices for face, body, and hair care at home. Partner with us to earn a highly competitive 15% commission on our top-converting products with a strong $300 (AOV)","https://ui.awin.com/images/upload/merchant/profile/124878.png","https://wauglobal.com/"
"36144","OutIn","8.59505","83.60","3.05","2025-08-12","green","none","55.1848","yes","yes","0","0","0","0","30","Retail & Shopping","Home & Garden","Home & Garden","67","US","OutIn is dedicated to delivering high-quality coffee anytime, anywhere. Our portable espresso machines let you enjoy fresh, rich espresso on the go, fueling your day with energy and passion.","https://ui.awin.com/images/upload/merchant/profile/36144.png","https://outin.com"
"128211","Ophelia Eternity Jewelry","","0.00","0.00","2026-06-24","amber","exposurelevel1","0","no","no","0","0","0","0","30","Retail & Shopping","Clothing Accessories|Department Stores|Group Buying|Health & Beauty|Jewellery","Jewellery","null","US","We are a handmade fine jewelry brand with Amazon & independent website sales. Promote our premium lab diamond jewelry to get a 20% sales cut, 10% tier-2 affiliate reward, 60-day cookie window and lifelong commission income on all your referred buyers.","https://ui.awin.com/images/upload/merchant/profile/128211.png","https://opheliaeternity.com"
"115481","Valerion EU","0.231471","100.00","0.08","2025-04-14","green","none","65.9056","no","no","0","0","0","0","30","Retail & Shopping","Electronic Accessories|Gadgets|Home & Garden","Electronic Accessories","124","DE","Join Valerion to promote our groundbreaking projectors! We’re looking for passionate influencers. Enjoy the opportunity to experience our products, gain early access to new releases, and unlock exclusive rewards as the program grows.","https://ui.awin.com/images/upload/merchant/profile/115481.png","https://www.valerion.com/de"
"127805","favibes","","0.00","0.00","2026-06-27","amber","exposurelevel1","0","no","no","0","0","0","0","30","Retail & Shopping","Erotic|Womenswear","Erotic","null","US","We sells high-demand lingerie, sexy costumes and party apparel for global shoppers with discreet fast shipping. Our tiered commission runs from 10% to 20% with a 30-day cookie window, bringing stable conversion and long-term revenue to Awin publishers","https://ui.awin.com/images/upload/merchant/profile/127805.png","https://favibes.com"
"127057","DATOUBOSS (DE)","","0.00","0.00","2026-05-20","amber","exposurelevel4","0","no","no","0","0","0","0","30","","DIY|Electronic Accessories|Green (Eco friendly)|Group Buying|Home & Garden|Lead Gen","Electronic Accessories","null","DE","DATOUBOSS is a fast-growing energy brand specializing in LiFePO4 batteries, inverters, and all-in-one energy storage systems.With high average order value, strong demand in backup power solutions, and competitive commissions, affiliates can benefit from","https://ui.awin.com/images/upload/merchant/profile/127057.png","https://datouboss.com/"
"75408","Nothingprojector","1.25434","15.43","0.60","2025-07-15","green","none","14.9257","yes","yes","0","0","0","0","30","","Computers|Electronic Accessories","Computers","74","US","With extensive involvement in projector and screen development spanning years, our company boasts robust experience and technical prowess, instilling confidence in our partners and customers regarding the stability and reliability of our product","https://ui.awin.com/images/upload/merchant/profile/75408.png","https://nothingprojector.com"
"88453","Wondershare Global Limited","0.338162","75.00","0.06","2025-08-12","green","none","34.0942","yes","yes","0","0","0","0","90","","Audio Visual|Computers|Music & DVD|B2B Utility Services|Digital TV & Video-on-Demand|Software Downloads|Utilities","Computers","80","US","Empowered with AI, our software and products are available in over 150 countries worldwide. We are constantly inspired by our users and strive to create simple and easy-to-use software that meets their needs.","https://ui.awin.com/images/upload/merchant/profile/88453.png","https://www.wondershare.com"
"127141","Layerline","","0.00","0.00","2026-07-16","amber","exposurelevel1","","yes","no","0","0","0","0","30","","Computers|DIY|Electronic Accessories|Gadgets|Office Supplies","Computers","null","US","Earn 5% commission promoting LayerLine — a global 3D printing marketplace with 100+ printers, filaments, and accessories from Creality, Elegoo, and Bambu Lab. Worldwide shipping, 2-year warranty, 30-day cookie, 60-day payment terms.","https://ui.awin.com/images/upload/merchant/profile/127141.png","https://layerline.io/"
"123964","Glam Spot","0.19555","30.80","0.00","2026-02-02","amber","exposurelevel4","20.0538","yes","no","0","0","0","0","30","Retail & Shopping","Health & Beauty","Health & Beauty","91","ES","We strive to be the most trusted beauty platform globally, embodying intelligent beauty in both our brand curation and our distinctive tone of voice. Shaped by the insight of industry experts, we are a committed collective of beauty enthusiasts.","https://ui.awin.com/images/upload/merchant/profile/123964.png","https://glamspot.eu"
"126149","Papique_International","","0.00","0.00","2026-05-04","amber","exposurelevel2","0","no","no","0","0","0","0","30","Retail & Shopping","Health & Beauty","Health & Beauty","null","IT","Papique is a niche luxury perfumery e-commerce with roots dating back to 1970, online since 2023. Over 40,000 authentic niche fragrances, exclusive time-limited promotions, worldwide DDP shipping and DGR-certified logistics.","https://ui.awin.com/images/upload/merchant/profile/126149.png","https://papique.com/"
"59933","Jowissa","2.19783","92.68","1.35","2025-07-23","green","none","72.7064","yes","yes","0","0","0","0","60","Retail & Shopping","Jewellery","Jewellery","34","US","Jowissa is a Swiss watch brand. We produce Women's and Men's watches with a distinctly elegant look.
Most of our products cost between USD 150.- to USD 1000.- and we share a 17% commission on sales generated through your traffic with","https://ui.awin.com/images/upload/merchant/profile/59933.png","https://www.jowissa.com"
"102509","KuKirin-scooter","0.599436","100.00","0.10","2025-05-22","green","none","52.276","no","yes","0","0","0","0","30","Retail & Shopping","Automotive","Automotive","71","US","Partner with KuKirin and promote our premium electric scooters! Whether for daily commuting or off-road thrills, our scooters offer unmatched performance, durability, and style. Earn competitive commissions and help your audience find their Perfect Ride!","https://ui.awin.com/images/upload/merchant/profile/102509.png","https://www.kukirin-scooter.com"
"128601","dressndesign","","0.00","0.00","2026-07-14","amber","exposurelevel1","","no","no","0","0","0","0","30","","Womenswear","Womenswear","null","FR","Dress  Design is a French premium fashion brand with a unique, customer-centric concept where every woman can personalize her own dress in a few clicks, custom handmade to her size, customized to her style. We call this ""Fashion 2.0""","https://ui.awin.com/images/upload/merchant/profile/128601.png","https://dressndesign.com/"
"78586","Needs No Label","4.52546","49.46","0.06","2024-07-10","amber","exposurelevel1","40.1218","yes","no","0","0","0","0","30","Retail & Shopping","Womenswear","Womenswear","118","GB","Needs No Label offers women affordable clothing in current styles, created from quality fabric. With a focus on gorgeous prints and timeless shapes, we hope our styles become staples in your wardrobes!","https://ui.awin.com/images/upload/merchant/profile/78586.png","https://www.needsnolabel.com/"
"98661","Cronjager","0.0660502","73.33","0.05","2024-07-25","amber","exposurelevel1","0","yes","no","0","0","0","0","30","Retail & Shopping","Clothing|Clothing Accessories|Furniture & Soft Furnishings|Health & Beauty|Home & Garden|Jewellery|Menswear|Office Supplies|Pets & Pet Care|Sports Equipment|Sportswear|Womenswear","Clothing","58","GB","Fashion, Clothing, Sportswear, Sports Equipment, Jewellery, Pet Supplies, Tech, Home, Garden And Office. We added two hero collections: English Army - Fashion For Sports Fans. Irish Army is a global fashion brand.","https://ui.awin.com/images/upload/merchant/profile/98661.png","https://cronjager.com"
"77156","Gshopper","0.385814","89.86","0.08","2025-07-01","green","none","58.1624","yes","yes","0","0","0","0","30","Retail & Shopping","Computers|Department Stores|Electronic Accessories|Electronic Superstore|Entertainment Superstore|Gadgets|Home & Garden|Office Supplies|PC & Video Games|Pets & Pet Care|Photography|Photos & Print Services|Sports Equipment|Toys & Games|White Goods","Electronic Superstore","47","US","Welcome to the Gshopper Affiliate ProgramEarn high commissions by referring customers to Gshopper.com.Join now","https://ui.awin.com/images/upload/merchant/profile/77156.png","https://www.gshopper.com"
"40456","Lunzo RO","2.79798","43.32","0.01","2023-03-02","amber","exposurelevel2","48.9612","yes","no","0","0","0","0","25","Retail & Shopping","Audio Visual|Automotive|Books & Subscriptions|Childrenswear|Clothing|Clothing Accessories|Computers|Department Stores|DIY|Electronic Accessories|Electronic Superstore|Entertainment Superstore|Erotic|FMCG|Furniture & Soft Furnishings|Gadgets|Gifts & Flowers|Green (Eco friendly)|Group Buying|Health & Beauty|Home & Garden|Jewellery|Lead Gen|Lingerie|Menswear|Music & DVD|Office Supplies|PC & Video Games|Pets & Pet Care|Pharmaceuticals|Photography|Photos & Print Services|Shoes|Sports Equipment|Sportswear|Toys & Games|White Goods|Wine Spirits & Tobacco|Womenswear|Baby & Toddler","Entertainment Superstore","79","RO","Lunzo.ro offers thousands of high-quality and affordable products.","https://ui.awin.com/images/upload/merchant/profile/40456.png","https://www.lunzo.ro"
"127855","Italist","","0.00","0.00","2026-07-01","amber","exposurelevel2","0","no","no","0","0","0","0","30","Retail & Shopping","Clothing|Clothing Accessories","Clothing","null","US","Luxury Italian fashion from 500+ authenticated boutiques. Shop Gucci, Prada, Versace, and more — at competitive prices with competitive CPA, 30-day cookie, and a $900 average order value.","https://ui.awin.com/images/upload/merchant/profile/127855.png","https://italist.com/"
"110224","Dewycream Inc","4.0407","100.00","0.18","2025-07-23","green","none","87.059","no","yes","0","0","0","0","90","Retail & Shopping","Health & Beauty","Health & Beauty","20","US","Terez  Honor. No. 1 Korean Eye Care Solution. Korean skincare brand.","https://ui.awin.com/images/upload/merchant/profile/110224.png","https://terezandhonor.com"
"113886","Sexonic DE","6.90567","68.18","0.12","2025-03-10","amber","exposurelevel4","74.9333","yes","no","0","0","0","0","30","Retail & Shopping","Erotic","Erotic","null","DE","Welcome to Sexonic, the premier intimate wellness retailer in the Europe. With a strong online presence, fast shipping we bring you a curated selection of products designed to enhance your pleasure.","https://ui.awin.com/images/upload/merchant/profile/113886.png","https://sexonic.eu/"
"101823","Trotec - Eastern Europe","1.75357","100.00","0.14","2025-02-07","amber","exposurelevel1","46.7673","yes","no","0","0","0","0","30","Retail & Shopping","Home & Garden","Home & Garden","118","HR","Trotec is one of the world's leading providers of high-quality branded products in the fields of air treatment, measurement technology, and power tools, offering an unbeatable price-performance ratio.","https://ui.awin.com/images/upload/merchant/profile/101823.png","https://pl.trotec.com/shop/"
"128809","COLAMY.EU","","0.00","0.00","2026-07-30","amber","exposurelevel1","","no","no","0","0","0","0","30","","Furniture & Soft Furnishings|Office Supplies","Furniture & Soft Furnishings","null","DE","Earn 6% commission on premium ergonomic chairs & dining chairs with 30‑day cookies. Join COLAMY.EU to promote stylish, comfortable seating for home and office. Flexible channels welcome.","https://ui.awin.com/images/upload/merchant/profile/128809.png","https://colamyhome.eu/"
"127997","New Learning Network","","0.00","0.00","2026-06-19","amber","exposurelevel1","0","no","no","0","0","0","0","30","","Education Training & Recruitment|Software Downloads|Tourism & Attractions","Education, Training & Recruitment","null","US","Multi Lingual Learning Platform 
> Commission: 30% base commission +40% launch bonus available
> Cookie duration: 30 days
> New Partners - 50% off with code "" LINGZIO50 ""","https://ui.awin.com/images/upload/merchant/profile/127997.png","https://lingzio.com/"
"126881","Nutrinixy - AI Calorie Tracker","","0.00","0.00","2026-05-14","amber","exposurelevel1","0","no","no","0","0","0","0","30","","Health & Beauty|Lead Gen|Business Services (B2B)|Entertainment Downloads|Lead Gen|Mobile Downloads|Mobile Pay As You Go|Software Downloads","Health & Beauty","null","US","Affiliate Terms: RevShare model with 30% LIFETIME payout. Earn recurring commissions from every subscription and all future renewals made by referred users. GEO: Worldwide (WW).","https://ui.awin.com/images/upload/merchant/profile/126881.png","https://nutrinixy.com/"
"123706","Ouros Jewels","4.31104","100.00","0.90","2026-02-06","amber","exposurelevel2","69.401","no","yes","0","0","0","0","30","","Childrenswear|Gifts & Flowers|Jewellery|Menswear|Womenswear","Jewellery","66","US","Ouros Jewels offers affordable lab grown diamond jewelry, including engagement rings and fine jewelry. IGI-certified diamonds, high average order value, global shipping, and 30-day tracking for affiliates.","https://ui.awin.com/images/upload/merchant/profile/123706.png","https://ourosjewels.com/"
"90211","Fast Technology Limited","1.18601","27.43","0.09","2025-08-05","green","none","19.5405","yes","yes","0","0","0","0","90","Retail & Shopping","Computers","Computers","71","US","About FastestVPNFastestVPN is one of the leading VPN service providers in the world, allowing users across the globe to anonymously and privately browse the web without restrictions.","https://ui.awin.com/images/upload/merchant/profile/90211.png","https://fastestvpn.com"
