Advertiser URL,Advertiser Category,Program ID,Program Name,Contract Status,Tracking Link,Allows Deep Linking,Payout
https://www.popai.pro,Website Hosting,38580,PopAi,Active,https://01aipteltd.pxf.io/c/7401119/3106551/38580,true,Online Sale: 35%-45%
https://www.popai.pro,Website Hosting,50251,PopAi AI Sheets,Active,https://sheetspopaipro.sjv.io/c/7401119/3834578/50251,true,"Online Sale: 35%-45%
Sign-Up: $0.10"
https://12go.asia/?z=9784174,Transportation,27128,"12Go Asia Pte., Ltd.",Active,https://12goasiapteltd.sjv.io/c/7401119/2134440/27128,true,Online Sale: 100%
https://365datascience.com,Software,11148,365 Data Science Online Program,Active,https://365datascience.pxf.io/c/7401119/774298/11148,true,Completed Purchase: 30%
https://365datascience.com,Learning,19953,365 Financial Analyst,Active,https://365financialanalyst.sjv.io/c/7401119/1716838/19953?subId1=57%25%20OFF%20an%20Annual%20Plan%20for%20365%20Financial%20Analyst,true,completed purchase: 50%
https://8000kicks.com,Shoes,44202,8000Kicks,Active,https://8000kicks.sjv.io/c/7401119/3359384/44202,true,Online Sale: 10%
https://www.absence.io,B2B,26040,absence.io GmbH,Active,https://absenceiogmbh.pxf.io/c/7401119/2076623/26040,true,"Subscription: 20%
Sign up: EUR0.00"
https://www.accio.com/,B2B,44474,ACCIO GLOBAL TECHNOLOGY PTE. LTD,Active,https://accio.sjv.io/c/7401119/3367255/44474,true,"Purchase-PC Client: 20%-30%
Download-PC Client: USD0.00"
www.acebeam.com,Outdoors & Recreation,19551,ACEBEAM Flashlight,Expired,https://acebeamflashlight.sjv.io/c/7401119/1685780/19551,true,Online Sale: 1%
https://adguard.com,Apps,49891,AdGuard VPN,Active,https://adguard.sjv.io/c/7401119/3824000/49891,true,"Renewal: 40%
Upgrade: 40%
Purchase: 40%
Sign Up: USD0.00"
https://adventology.co.uk,Bags & Accessories,47802,Global Trade Rates,Active,https://gtr.pxf.io/c/7401119/3762182/47802,true,Online Sale: £50.00
https://www.aeroband.net,Collectibles & Hobbies,42471,AeroBand,Expired,https://goto.aeroband.net/c/7401119/3282613/42471,true,"Online Sales-ca: 10%
Online Sale: 10%"
https://callsunsolar.com/,Home & Garden,53698,Callsun Solar,Active,https://zoomsunenergylimited.sjv.io/c/7401119/3920421/53698,true,Online Sale: 5%
https://aimer.com/,Women's Apparel,44745,AIMER HONG KONG LIMITED,Active,https://aimerhongkonglimited.pxf.io/c/7401119/3374053/44745,true,Online Sale: 15%
http://www.airalo.com,Mobile Services & Telecommunications,15608,Airalo,Active,https://airalo.pxf.io/c/7401119/1268485/15608,true,"Android App : 10%-15%
iOS App : 10%-15%
Sale: 10%-15%"
http://www.airslate.com,B2B,18108,DocHub,Active,https://dochub.sjv.io/c/7401119/1551532/18108,true,"Renewal: 40%
Subscription: 40%
Trial: $1.00
Signup: $0.00"
https://www.mede.cc,"Credit Cards, Reporting & Repair",47192,mypal.pro,Active,https://mypalpro.pxf.io/c/7401119/3743961/47192,true,"International Transfers: 0.25%
Funds Movement: 0.25%
Card Issuance: USD3.00"
http://www.aitkenspencehotels.com,Accommodations,26910,Aitken Spence Hotels,Active,https://aitkenspencehotels.sjv.io/c/7401119/2120106/26910,true,Online Booking: 6%
https://it.alpinestars.com/,Sports Apparel & Accessories,27754,Alpinestars EMEA,Active,https://alpinestarsde.pxf.io/c/7401119/2166030/27754,true,Online Sale: 8%
https://studioalura.com,Bags & Accessories,48320,Alura Studio,Active,https://alurastudio.pxf.io/c/7401119/3779797/48320,true,Online Sale: 15%
https://www.amigosim.com/,Apps,34019,Amigo eSIM,Active,https://amigoesim.pxf.io/c/7401119/2900873/34019?irck=xyz12,true,Online Sale: 20%
https://amofashionltd.com/,Women's Apparel,34963,Amofashion LTD,Active,https://amofashionltd.pxf.io/c/7401119/2949526/34963,true,Online Sale: 20%
http://amotopart.com,Parts & Accessories,24551,Amotopart Fairing Creator Recruitment,Active,https://autocreatorrecruitment.sjv.io/c/7401119/1995924/24551,true,Online Sale: 10%
https://anta.com/,Sports Apparel & Accessories,54313,DESCENTE SEA,Active,https://descentesea.sjv.io/c/7401119/3940190/54313,true,"my.descente.com: 6%
sg.descente.com: 6%"
https://anta.com/,Sports Apparel & Accessories,54315,FILA SEA,Active,https://filasea.pxf.io/c/7401119/3940260/54315,true,fila.com.sg: 6%
http://www.anticavilla.com/,Accommodations,38583,Anticavilla(MX),Active,https://anticavilla.sjv.io/c/7401119/3106761/38583,true,Online Booking: 4%
https://www.iaohi.com,Consumer Electronics,41025,AOHi,Active,https://aodainternationallimited.pxf.io/c/7401119/3232390/41025,true,Online Sale: 15%-18%
https://joinappex.com,Outdoors & Recreation,47862,FitnessAI,Active,https://goto.fitnessai.com/c/7401119/3764430/47862,false,"Android App: 20%
iOS App: 20%
Subscription Purchase: 20%
Android App: 0%
iOS App: 0%"
https://appsumo.com,Apps,7443,AppSumo,Active,https://appsumo.8odi.net/c/7401119/416948/7443,true,"Product Approval: $50.00
Online Sale: 100%
Product Submission: 0%"
https://onebioshop.com/,,33699,onebioshop,Active,https://aqqasrl.pxf.io/c/7401119/2885419/33699,true,Online Sale: 10%
https://www.aqua-mail.com/,Apps,44822,Aqua Mail Inc,Active,https://aquamailinc.sjv.io/c/7401119/3379088/44822,true,"One Time Purchase: $20.00
iOS - AquaMail: 70%
Paid Subscription: 70%"
https://www.arbaglobal.store,Women's Apparel,54756,ARBAGLOABL LLC,Active,https://arbagloablllc.sjv.io/c/7401119/3953021/54756,true,"Recurring Sales: 20%
Online Sale: 20%"
https://arccaptain.com/,Furniture & Home Decor,52929,Arccaptain,Active,https://arccaptain.pxf.io/c/7401119/3898395/52929,true,Online Sale: 2%
http://www.arenacollection.com/,Accommodations,34996,Arena Collection ,Active,https://arenacollection.sjv.io/c/7401119/2951229/34996,true,Online Booking: 4%
http://hotelarenalspring.com/,Accommodations,43843,Arenal Springs Resort & Spa(GLOBAL),Active,https://arenalspringsresortspa.pxf.io/c/7401119/3326422/43843,true,Online Booking: 4%
http://www.arkudadigital.com,Apps,5172,Arkuda Digital,Active,https://arkmc.pxf.io/c/7401119/348881/5172,true,Media Streaming Apps: 0.01%
https://www.ArtemisAds.com,Pet Supplies,45738,Fragralley - Amazon Seller - US,Active,https://fragralleyamazonsellerus.sjv.io/c/7401119/3415945/45738,true,Online Sale: 35%
https://artlist.io,Creative Digital Assets,41474,Artlist,Active,https://artlist.pxf.io/c/7401119/3257033/41474,true,"Initial Subscription: USD30.00-USD80.00
SQL lead: USD20.00
Sign Up: USD0.00"
https://www.artzmiami.com,Bed & Bath,49920,ArtZMiami,Active,https://artzmiami.sjv.io/c/7401119/3824877/49920,true,Online Sale: 15%
http://hotels-attitude.com/en,Accommodations,28921,Attitude Hospitality Management Ltd,Active,https://attitudehospitalitymanagementltd.pxf.io/c/7401119/2231861/28921,true,Online Booking: 6%
http://www.atzavarahotel.com/,Accommodations,36939,Atzavara Hotel & Spa,Active,https://atzavarahotelspa.sjv.io/c/7401119/3040611/36939,true,Online Booking: 4%
https://auraligned.com,Jewelry & Watches,52980,AURALIGN,Expired,https://peakhealthltd.pxf.io/c/7401119/3900610/52980,true,Online Sale: 5%
https://www.avidlove.com,Women's Apparel,36253,AVIDLOVE,Active,https://hongkonglinemartlimited.pxf.io/c/7401119/3008955/36253,true,Online Sale: 10%
http://azulixtapa.com/,Transportation,37574,"Azul Ixtapa Hotels ( MX, UK, FR, ES)",Active,https://azulixtapa.pxf.io/c/7401119/3069053/37574,true,Public Terms : 4%
http://www.azzhoteles.com/en/,Accommodations,34998,Azz Hoteles,Active,https://azzhoteles.pxf.io/c/7401119/2951277/34998,true,Online Booking: 4%
http://b-rent.com/en,Accommodations,47205,"B-rent(IT,ES,EN,FR)",Active,https://brent.sjv.io/c/7401119/3744565/47205,true,Online Booking: 4%
https://polypal.ai/,Apps,54446,PolyPal - AI Live Translator,Active,https://babelfishhongkongcolimited.sjv.io/c/7401119/3944797/54446,true,"Subscribe: 20%
Top-up: 20%
Free trial: USD0.00
Sign-Up: USD0.00"
https://www.timekettle.co,Supplies & Furniture,50041,Timekettle,Active,https://babelfishhongkongcolimited.sjv.io/c/7401119/3827143/50041,true,"Online Sale: 10%
Online Sales - DE: 10%
Online Sales - JP: 10%
Online Sales - ES: 10%"
http://www.baglionihotels.com,Accommodations,51599,Baglioni Hotels by Palace Company(GLOBAL),Active,https://baglionihotelsbypalacecompany.sjv.io/c/7401119/3865383/51599,true,Online Booking: 4%
http://banksiatourist.com.au/,Transportation,48039, Banksia Tourist Park ,Active,https://banksiatouristpark.pxf.io/c/7401119/3769906/48039,true,Online Booking: 6%
https://www.bcengi.com,Internet Service Provider,41060,Bcengi,Active,https://bcengi.sjv.io/c/7401119/3242903/41060,true,"Automated Refill: 15%
Online Purchase: 15%"
http://bdthemes.com,"Themes, Code, Graphics, Video & more",9302,BdThemes Affiliate Program,Active,https://elementpackpro.sjv.io/c/7401119/557329/9302,true,Sales Tracker: 30%
http://en.beachscape.com.mx,Transportation,16708,Beach Scape Kin Ha Villas ( GLOBAL ),Active,https://beachscapekinhavillas.pxf.io/c/7401119/1403200/16708,true,Online Booking: 4%
http://www.beachcomber-hotels.com/en,Accommodations,26319,BeachComber Hotels & Resorts,Active,https://beachcomberhotelsresorts.pxf.io/c/7401119/2090542/26319,true,Online Booking: 6%
http://www.berjayahotel.com/,Accommodations,24503,Berjaya Hospitality Group,Active,https://berjayahotelsresorts.sjv.io/c/7401119/1992609/24503,true,Online Booking: 3%
https://bestchoiceproducts.com,Bed & Bath,33479,Best Choice Products,Active,https://bestchoiceproducts.sjv.io/c/7401119/2873487/33479,true,Online Sale: 10%
https://roam.virginconnect.com/,Accessories & Services,33562,Virgin Connect Roam Travel eSIM,Active,https://roamvirginconnect.pxf.io/c/7401119/2878182/33562,true,Online Sale: 15%
https://www.trybinge.tv,Movie & TV,26155,BINGE Movies & TV,Active,https://bingemoviestv.pxf.io/c/7401119/2083708/26155,true,"Paid Subscription: $8.00
Android app: 0%
ios App BINGE: 0%
Recurring Subscription: 0%
Free Trial Start: $0.00"
https://www.trybinge.tv,Movie & TV,35950,BINGE Movies & TV - Creator,Active,https://bingemoviestv.pxf.io/c/7401119/2994345/35950,true,"Paid Subscription: $8.00
Creator Post: $0.00"
http://www.bitdefender.com,Apps,4466,Bitdefender,Active,https://bitdefender.f9tmep.net/c/7401119/278689/4466,true,"Sale: EUR5.00-EUR40.00,15%-50%"
https://bitgw.com,Loans & Financial Services,53893,BitGW Exchange,Expired,https://bitgwcoltd.pxf.io/c/7401119/3926481/53893,true,"First AMM Trade: $80.00
First Deposit : $20.00
KYC Verified: $5.00-$20.00
Transaction Revenue: 55%
Sign Up: $0.00"
http://bluecypress.com,Sports Apparel & Accessories,54844,Blue Cypress,Active,https://bluecypress.sjv.io/c/7401119/3954241/54844,true,Online Sale: 8%
https://international-sim.com,Internet Service Provider,37373,International SIM by Bouygues Telecom,Active,https://bouyguestelecom.pxf.io/c/7401119/3059189/37373,true,"Online Sale: 10 %
International SIM - iOS: 10 %
International SIM - Android: 10 %
International SIM - iOS: 0 %
International SIM - Android: 0 %"
https://store.boyamic.com/,Consumer Electronics,32616,BOYA,Active,https://boya.pxf.io/c/7401119/2827017/32616,true,Online Sale: 10%
https://store.boyamic.com/,,33495,Saramonic,Active,https://saramonic.sjv.io/c/7401119/2874099/33495,true,Online Sale: 8%-10%
http://www.byfood.com,Accommodations,20551,Byfood ( GLOBAL ),Active,https://byfood.pxf.io/c/7401119/1756194/20551,true,Online Booking: 4%-5%
https://byteplus.com,Images,48404,BytePlus,Active,https://byteplus.pxf.io/c/7401119/3782364/48404,true,"Paid Usage: 10%-50%
Card Binding: 0%
Trial: USD0.00
Sign-Up: USD0.00"
https://bytesim.com,Mobile Services & Telecommunications,38561,ByteSIM,Active,https://bytesimlimited.pxf.io/c/7401119/3106182/38561,true,Online Sale: 10%
http://www.cancunshuttle.com/,Transportation,35504,Cancun Shuttle,Active,https://cancunshuttle.sjv.io/c/7401119/2974906/35504,true,Online Bookings: 4%
https://capelin-crew.com,Sports Apparel & Accessories,47961,"Capelin Crew Ski, Snowboard & Outdoor Gear",Active,https://capelingarmentltd.pxf.io/c/7401119/3766526/47961,true,Online Sale: 10%
http://cariloha.com,,14163,Cariloha,Active,https://cariloha.pxf.io/c/7401119/1117073/14163,true,Online Sale: 6%
https://www.ottocast.com/,Parts & Accessories,49590,Ottocast-Amazon seller-USA,Active,https://ottocastamazonsellerusa.pxf.io/c/7401119/3814776/49590,true,Online Sale: 10%
http://www.casa-andina.com/en/home,Accommodations,19416,Casa Andina ( LATAM & USA),Active,https://casaandina.pxf.io/c/7401119/1675285/19416,true,Online Booking: 4%
https://www.cellresearchcorp.com/,Cosmetics & Skin Care,28321,Calecim Professional Affiliate,Active,https://calecim.pxf.io/c/7401119/2200344/28321,true,Online Sale: 20%
http://www.chanalai.com/en/special-offers.html,Accommodations,25189,Chanalai Hotels & Resorts,Active,https://chanalaihotelsresorts.pxf.io/c/7401119/2025075/25189,false,Online Booking: 6%
http://www.chatrium.com,Accommodations,23629,Chatrium Hotels & Residences,Active,https://chatriumhotelsresidences.pxf.io/c/7401119/1947502/23629,true,Online Booking: 6%
https://stylewe.com,Women's Apparel,15916,Hardaddy,Active,https://hardaddy.pxf.io/c/7401119/1302443/15916,true,Online Sale: 12%
https://stylewe.com,Women's Apparel,18221,Kollyy,Active,https://kollyy.sjv.io/c/7401119/1566914/18221,true,Online Sale: 10%
http://www.chivasom.com,Transportation,41481,Chivasom International Health Resorts,Active,https://chivasom.sjv.io/c/7401119/3257252/41481,true,Online Booking: 6%
https://cleanemail.com,Apps,5448,Clean Email,Active,https://cleanemailr.pxf.io/c/7401119/371308/5448,true,Sale: 30%
https://cleanster.com,Home Improvement,28000,"Cleanster, Inc.",Active,https://cleansterinc.sjv.io/c/7401119/2177883/28000,true,Job Completed: $10.00
https://www.cliganic.com,Cosmetics & Skin Care,34200,Cliganic,Active,https://cliganic.sjv.io/c/7401119/2911202/34200,true,Online Sale: 15%
http://www.cllix.com,Transportation,27215,CLLIX Apartments and Hotels: Arise,Active,https://cllixapartmentsandhotelsarise.pxf.io/c/7401119/2138283/27215,true,Online Booking: 5%
https://www.cognifit.com/,First Aid & pharmacy,17261,CogniFit,Active,https://cognifit.sjv.io/c/7401119/1457006/17261,true,"Paid Subscription (JS): 2%
Sign Up: $0.00"
http://www.compasshospitality.com,Accommodations,24689,Compass Hospitality(GLOBAL),Active,https://compasshospitality.pxf.io/c/7401119/2003925/24689,true,Online Booking: 6%
https://cosim.io,,55758,co:sim | Global Travel eSIM,Active,https://impact.cosim.io/c/7401119/3975336/55758,true,Online Sale: 10%
https://zoombo.ai/,Apps,54009,Zoombo: Nano AI Studio,Active,https://zoombo.sjv.io/c/7401119/3930501/54009,true,"IOS: 15%
IOS: 0%"
https://conqueco.com,Outdoors & Recreation,56544,Conqueco,Active,https://conqueco.pxf.io/c/7401119/3996575/56544,true,Online Sale: 5%
https://www.coohom.com/,Computers,21254,Coohom Commission Program,Active,https://coohom.pxf.io/c/7401119/1793325/21254,true,Online Sale: 30%
http://www.corinthia.com,Accommodations,23630,Corinthia(GLOBAL),Expired,https://corinthia.sjv.io/c/7401119/1947627/23630,true,Online Booking: 5%-8%
http://www.countryinthotel.com/en,Accommodations,28964,Country International Hotel,Active,https://countryinternationalhotel.pxf.io/c/7401119/2234246/28964,false,Online Booking: 4%
https://coworkshop.com,Software,40516,Coworkshop Solutions,Active,https://coworkshopsolutionsltd.pxf.io/c/7401119/3218244/40516,true,Online Sale: 30%-35%
http://www.crimsonhotel.com/,Transportation,32105,Crimson Hotels & Resorts,Active,https://crimsonhotelsresorts.sjv.io/c/7401119/2795584/32105,true,Online Booking: 5%
http://www.crownandchamparesorts.com/,Accommodations,24504,Crown & Champa Resorts,Active,https://crownchamparesorts.pxf.io/c/7401119/1992611/24504,true,Online Booking: 6%
http://www.carrentalexpress.com/,Transportation,38573,CRX,Active,https://crx.pxf.io/c/7401119/3106434/38573,true,Online Booking: 4%
https://crypto.com,Loans & Financial Services,25666,Crypto.com Affiliates,Active,https://cryptocom.sjv.io/c/7401119/2051372/25666,true,"Card opening: USD10.00-USD1,000.00
30 Day Activity: USD5.00-USD25.00
Daily transactions: 25%-50%
First Transaction: USD5.00
KYC Success: USD0.00
Verified phone: USD0.00
Verified email: USD0.00
Android: USD0.00
iOS: USD0.00"
https://ctrader.com,Auctions,43990,cTrader Ltd,Active,https://ctraderltd.pxf.io/c/7401119/3330754/43990,true,Product Purchase: 10%
http://www.damachotelsandresorts.com,Accommodations,54012,Damac Hotels & Resorts,Active,https://damachotelsresorts.sjv.io/c/7401119/3930534/54012,true,Online Booking: 7%
http://www.danubiushotels.com,Accommodations,23993,Danubius Hotels(GLOBAL),Active,https://danubiushotels.pxf.io/c/7401119/1963973/23993,true,Online Booking: 5%
https://www.nbatopshot.com,Sports Apparel & Accessories,42103,NBA Top Shot ,Active,https://goto.nbatopshot.com/c/7401119/3279127/42103,true,Purchase: 10%
http://mydataninja.com,B2B,28719,MyDataNinja,Active,https://mydataninja.pxf.io/c/7401119/2222599/28719?trafsrc=impact,true,Online Sale : 15%
https://debutify.com,Apps,12660,Debutify Corp.,Active,https://debutify.sjv.io/c/7401119/936411/12660,true,"Reviews Subscription: 25%
Theme Subscription: 25%
Reviews Renewal: 10%
Theme Renewal: 10%"
https://hyper3d.ai,"Templates, Fonts, Add-ons & more",52860,Deemos Corporation,Active,https://deemoscorporation.sjv.io/c/7401119/3895845/52860,true,"Top-up: 20%-50%
Online Sales: 20%-50%
Sign-up: $0.00"
https://pi.inc,Collectibles & Hobbies,47529,Presentation Intelligence,Active,https://deepvincilimited.sjv.io/c/7401119/3754415/47529,true," Subscribe: 20%
Sign-up: USD0.00"
http://www.delphinusworld.com/,Transportation,32685,Delphinus World,Active,https://delphinus.sjv.io/c/7401119/2832263/32685,true,Online Booking: 13%
http://www.designlab.com,Learning,20334,Designlab,Active,https://designlab.pxf.io/c/7401119/1744876/20334,true,"Recurring Enrollment: $100.00-$725.00,10%
Enrollment Complete: $100.00-$725.00,10%"
http://www.diamondsresorts.com/,Transportation,46240,Diamonds Resorts,Active,https://diamondresorts.sjv.io/c/7401119/3440438/46240,true,Online Booking: 5%
https://www.dhgate.com,Women's Apparel,12108,DHgate,Active,https://dhgate.sjv.io/c/7401119/868543/12108,true,"Purchase: 2%-50%
Android - DHgate App: 2%-50%
iOS - DHgate App: 2%-50%"
http://www.discoveryhotels-resorts.com,Transportation,50198,Discovery Hotels Resorts,Active,https://discoveryhotelsresorts.sjv.io/c/7401119/3833174/50198,true,Online Booking: 5%
https://www.dollarcars4rent.com/,Transportation,50970,Dollar Car Rental EU,Active,https://dollarcarrentaleu.sjv.io/c/7401119/3848748/50970,true,Online Booking: 5%
www.domain.com,Website Hosting,9560,Domain.com,Active,https://domain.mno8.net/c/7401119/577846/9560,true,Online Sale (JS): $5.00-$100.00
https://store.hiby.com,Consumer Electronics,50036,"Dongguan HiBy Music Technology Co., Ltd.",Active,https://dongguanhibymusictechnologycoltd.pxf.io/c/7401119/3826843/50036,true,Online Sale: 10%
http://shop.doreljuvenile.com/,Baby Essentials,23708,Maxi-Cosi,Active,https://doreljuvenile.pxf.io/c/7401119/1950530/23708,true,Online Sale: 5%
http://dymocks.com.au,Collectibles & Hobbies,16665,Dymocks Books & Gifts ,Active,https://dymocks-australia.pxf.io/c/7401119/1398797/16665,true,Online Sale: 0%
http://easeus.com,Apps,44229,EaseUS - Creator,Active,https://easeus.pxf.io/c/7401119/3360467/44229,true,Online Sale: 10%
https://www.easyship.com/,B2B,10435,Easyship Ambassador Program,Active,https://easyship.ilbqy6.net/c/7401119/666308/10435,true,"Freemium Subscription: 100%
Shipping Transaction: 2.5%
Company Created: $0.00"
https://ebrands.com/,Games/Toys,18069,Puzzle Ready affiliate program,Active,https://puzzlereadyaffiliateprogram.pxf.io/c/7401119/1549130/18069,true,Online Sale: 10%
https://ebrands.com/,Kitchen & Dining,18086,Happy Sinks Affiliate Program,Active,https://happy-sinks-eu.sjv.io/c/7401119/1549971/18086,true,Online Sale: 10%
https://ebrands.com/,,18088,INDO Trick Scooter affiliate program,Active,https://indo-tricks-scooter.sjv.io/c/7401119/1549977/18088,true,Online Sale: 10%
https://ebrands.com/,,18089,Coach Soak affiliate program,Active,https://coach-soak.sjv.io/c/7401119/1549982/18089,true,Online Sale: 20%
https://ebrands.com/,,18090,Bodyotics affiliate program,Active,https://bodyotics.sjv.io/c/7401119/1549984/18090,true,Online Sale: 10%
https://ebrands.com/,Sports & Exercise Equipment,18091,Fofana affiliate program,Active,https://fofana.sjv.io/c/7401119/1549986/18091,true,Online Sale: 10%
https://ebrands.com/,,18358,Penchant for Pleasure,Active,https://penchant-for-pleasure.sjv.io/c/7401119/1582170/18358,true,Online Sale: 10%
https://ebrands.com/,Patio & Garden,18359,Big Bat Box,Active,https://big-bat-box.pxf.io/c/7401119/1582173/18359,true,Online Sale: 15%
https://ebrands.com/,,18360,Striking Viking,Active,https://viking-beard-gear.pxf.io/c/7401119/1582181/18360,true,Online Sale : 10%
https://ebrands.com/,Home & Garden,18361,Mioeco,Active,https://mioeco.sjv.io/c/7401119/1582184/18361,true,Online Sale: 10%
https://ebrands.com/,Bed & Bath,18531,Pure Scentum Affiliate Program,Active,https://pure-scentum.pxf.io/c/7401119/1597424/18531,true,Online Sale: 10%
https://ebrands.com/,Art & Craft Supplies,18532,Hieno Affiliate program,Active,https://hieno-supplies.sjv.io/c/7401119/1597427/18532,true,Online Sale: 10%
https://ebrands.com/,Spa & Personal Grooming,18533,Ontaki Affiliate program,Active,https://ontaki.pxf.io/c/7401119/1597430/18533,true,Online Sale: 10%
https://ebrands.com/,Women's Apparel,18534,Asebbo Affiliate program,Active,https://asebbo.pxf.io/c/7401119/1597432/18534,true,Online Sale: 10%
https://ebrands.com/,Bed & Bath,18535,Byre Affiliate program,Active,https://byre-group.pxf.io/c/7401119/1597434/18535,true,Online Sale: 10%
https://ebrands.com/,Spa & Personal Grooming,18536,Hana Emi Affiliate program,Active,https://hana-emi.pxf.io/c/7401119/1597459/18536,true,Online Sale: 10%
https://ebrands.com/,Clothing & Accessories,18660,Baby Deep Sleep ,Active,https://babydeepsleep.pxf.io/c/7401119/1608958/18660,true,Online Sale: 10%
https://ebrands.com/,Games/Toys,18664,GAFLY,Active,https://gafly.pxf.io/c/7401119/1608966/18664,true,Online Sale: 10%
https://ebrands.com/,Sports Apparel & Accessories,24272,Open Goaaal,Active,https://opengoaaal.sjv.io/c/7401119/1979994/24272,true,Online Sale: 5%
https://ebrands.com/,Sports Apparel & Accessories,24273,Angles90,Active,https://angles90.sjv.io/c/7401119/1979996/24273,true,Online Sale: 10%
https://ebrands.com/,Sports Apparel & Accessories,24275,Lux,Active,https://lux.sjv.io/c/7401119/1980001/24275,true,Online Sale: 10%
https://ebrands.com/,Spa & Personal Grooming,24278,Charlemange,Active,https://charlemange.pxf.io/c/7401119/1980006/24278,true,Online Sale: 10%
https://ebrands.com/,Clothing & Accessories,24279,Baby Sunnies,Active,https://babysunnies.pxf.io/c/7401119/1980009/24279,true,Online Sale: 10%
https://thebestprop.com,Loans & Financial Services,48235,THE BEST PROP,Active,https://ebudgetltd.sjv.io/c/7401119/3777355/48235,true,"Upsell / Higher-tier Challenge Purchase: 0%
Challenge purchase: 0%
User Signup: USD0.00"
https://www.esdcodes.com,Software,51739,Esd Codes,Active,https://ecokeyportalcollc.pxf.io/c/7401119/3869512/51739,true,Sale: 5%
https://educative.io,Career,46512,Educative Inc - Affiliate Program,Active,https://educative.pxf.io/c/7401119/3721030/46512,true,"Paid Subscription: 20%
Creator Post: $0.00"
https://www.eezysun.com/,Outdoors & Recreation,26398,EEZYSUN,Active,https://eezybrandscorporation.pxf.io/c/7401119/2095091/26398,true,Online Sale: 20%
http://efem.es,Learning,30086,EFEM(ES),Active,https://efem.pxf.io/c/7401119/2435853/30086,true,Online booking: 16%-60%
http://elightup.com,"Themes, Code, Graphics, Video & more",12511,Meta Box,Active,https://metabox.sjv.io/c/7401119/914269/12511,false,Sale: 30%
http://elightup.com,"Themes, Code, Graphics, Video & more",16052,Slim SEO,Active,https://slim-seo.sjv.io/c/7401119/1328334/16052,true,Online Sale: 30%
http://www.elitehavens.com,Accommodations,33158,Elite Havens,Active,https://elitehavens.pxf.io/c/7401119/2855822/33158,true,Online Booking: 6%
https://www.mc-prime.com,Loans & Financial Services,49323,Magic Compass Capital Limited,Active,https://magiccompasscapitallimited.pxf.io/c/7401119/3806141/49323,true,"Trade: USD150.00
Android: USD0.00
IOS: USD0.00
Deposit: USD0.00
Sign-Up: USD0.00"
https://www.mc-prime.com,Loans & Financial Services,54299,Magic Compass Capital Limited - Creator,Active,https://magiccompasscapitallimited.pxf.io/c/7401119/3940003/54299,true,"Trade: USD150.00
Creator Post: USD0.00"
http://entertainment.emaar.com,Vacations,46763, Emaar Entertainment ,Active,https://emaarentertainment.sjv.io/c/7401119/3729367/46763,true,Online Booking: 5%
https://www.zenhotels.com/,Transportation,43614,ZenHotels,Active,https://emergingtravelinc.pxf.io/c/7401119/3321365/43614,true,Consumed Booking: 6.5%
http://www.emiratesparkzooandresort.com/,Tickets & Shows,38499,Emirates Park Zoo & Resort,Active,https://emiratesparkzooresort.sjv.io/c/7401119/3103509/38499,true,Online Booking: 5%
https://www.tunefab.com,Apps,34054,Tunefab,Active,https://tunefab.sjv.io/c/7401119/2903070/34054?campaign%20source=impact&campaign%20medium=affiliate&campaign%20name=impact-default,true,Online Sale: 40%
https://www.tunefab.com,Apps,34464,MuConvert,Active,https://muconvert.pxf.io/c/7401119/2925005/34464,true,Online Sale: 40%
http://www.pelago.com,Transportation,22181,Pelago by Singapore Airlines,Active,https://pelago.pxf.io/c/7401119/1851844/22181,true,Online Booking: 2%-15%
https://engwe-bikes-eu.com/,,30352,engwe.com,Active,https://engwecom.pxf.io/c/7401119/2511752/30352,true,Online Sale: 3%
https://www.linnerlife.com,,26400,LINNER OTC Heraing Aids,Active,https://ephamedtechinc.pxf.io/c/7401119/2095211/26400,true,Online Sale: 15%
https://www.buybestgear.com,Women's Apparel,16384,Ursime,Active,https://ursime.pxf.io/c/7401119/1361811/16384,true,Online Sale: 2%
https://www.buybestgear.com,Women's Apparel,22722,Sisterparty,Active,https://sisterparty.sjv.io/c/7401119/1899344/22722,false,Online Sale: 2%
http://www.eresin.com.tr,Accommodations,25489,Eresin(Europe),Active,https://eresin.sjv.io/c/7401119/2041475/25489,true,Online Booking: 4%
http://esimcard.com,Mobile Services & Telecommunications,30402,eSim Card(US),Active,https://esimcardus.sjv.io/c/7401119/2521681/30402,true,Online booking: 4%
http://www.esimatic.com,Internet Service Provider,21770,Esimatic Ltd.,Active,https://esimsia.sjv.io/c/7401119/1826566/21770,true,"Purchase: 10%
Esimatic - Android: 10%
Esimatic - iOS: 10%
Esimatic - Android: 0%
Esimatic - iOS: 0%"
https://esimo.io,Transportation,48791,eSIMo,Active,https://esimo.pxf.io/c/7401119/3792662/48791,true,"eSIMo - Android: 10%
Sales: 10%
eSIMo - iOS: 10%
eSIMo - Android: 0%
eSIMo - Android: 0%
eSIMo - iOS: 0%
eSIMo - iOS: 0%"
https://www.esmondnaturalusa.com,Diet & Nutrition,40711,Esmond Natural USA,Active,https://esmondnatural.sjv.io/c/7401119/3225303/40711,true,Online sale: 10%
https://etravelsim.com,Accessories & Services,24670,EtravelSIM,Active,https://etravelsim.pxf.io/c/7401119/2002541/24670,true,Online Sale: 11%
https://de.eureka.com/,Household Essentials & Services,27583,Eureka EU,Active,https://eueurekacom.sjv.io/c/7401119/2159438/27583,true,Online Sale: 12%
https://www.eurooptic.com,Sports Apparel & Accessories,35464,EuroOptic,Active,https://eurooptic.sjv.io/c/7401119/2973190/35464,true,Online Sale: 1%-15%
www.justfitpro.com,Apps,24460,JustFit,Active,https://justfit.sjv.io/c/7401119/1989820/24460,true,"Online Sale: 45%
iOS-JustFit: 35%
Android-JustFit: 35%
iOS-JustFit: 0%
Android-JustFit: 0%"
www.justfitpro.com,Apps,24461,Me+ Daily Routine Planner ,Active,https://me.sjv.io/c/7401119/1989822/24461,true,"Android-Me+: 35%
iOS-Me+: 35%
Android-Me+: 0%
iOS-Me+: 0%"
www.justfitpro.com,Apps,24462,"ShutEye®: Sleep Tracker, Sound",Active,https://shuteye.pxf.io/c/7401119/1989824/24462,true,"iOS-ShutEye: 35%
Android-ShutEye: 35%
iOS-ShutEye: 0%
Android-ShutEye: 0%"
http://www.sandandsky.com,Cosmetics & Skin Care,17524,Sand&Sky,Active,https://sand-and-sky.sjv.io/c/7401119/1485463/17524,true,Online Sale: 2%
http://www.expressvpn.com,Internet Service Provider,29571,Holiday.com,Active,https://go.holiday.com/c/7401119/2321203/29571,true,Online Sale: 25%
http://anker.com,Consumer Electronics,18024,Eufy NL & CA,Active,https://eufy.sjv.io/c/7401119/1543970/18024,true,"Online Sale - CA: 7%
Online Sale: 7%"
http://www.ferrariworldabudhabi.com,Accommodations,26890,Ferrari World Abu Dhabi,Active,https://ferrariworldabudhabi.sjv.io/c/7401119/2118941/26890,true,Online Booking: 4%
https://flashcloud.com,Website Hosting,52759,Flashcloud Affiliate Program,Active,https://flashcloud.pxf.io/c/7401119/3892581/52759,true,Subscription Purchase: $60.00
https://www.flashforge.com/,,38200,Flashforge Affiliate Program,Active,https://flashforge.sjv.io/c/7401119/3092803/38200,true,"Online Sale - UK: 3%-4%
Online Sale - CA: 3%-4%
Online Sale - AU: 3%-4%
Online Sale - EU: 3%-4%
Online Sale - US: 3%-4%
Online Sale - Asia: 3%"
https://flowerknows.co,Fragrance,41972,Flower Knows,Active,https://flowerknowscosmeticsinc.sjv.io/c/7401119/3274793/41972?trafsrc=impact,true,Online Sale: 5%
https://flowerknows.co,Fragrance,45298,Flower Knows Cosmetics Inc - Creator,Active,https://flowerknowscosmeticsinc.sjv.io/c/7401119/3399643/45298,true,"Online Sale: 5%
Gift: USD0.00
Creator Post: USD0.00"
https://mooyius.com/,Women's Apparel,32511,oyrosy.com,Active,https://oyrosycom.sjv.io/c/7401119/2820691/32511,true,Online Sale: 12%
https://mooyius.com/,Women's Apparel,32512,mooyius.com,Active,https://mooyiuscom.sjv.io/c/7401119/2820693/32512,true,Online Sale: 12%
https://www.fontlab.com/,"Themes, Code, Graphics, Video & more",19378,FontLab Affiliate Program,Active,https://fontlabaffiliateprogram.pxf.io/c/7401119/1671642/19378,true,Online Sale : 15%
https://outfitrer.com/,Parts & Accessories,32890,outfitrer,Active,https://forcomeecommerceinc.sjv.io/c/7401119/2843329/32890,true,Online Sale: 8%
https://outfitrer.com/,Outdoors & Recreation,33100,youngelectricbikes,Active,https://youngelectricbikes.pxf.io/c/7401119/2853051/33100,true,Online Sale: 8%
https://www.esim4travel.com,Mobile Services & Telecommunications,22726,eSIM4Travel - Best eSIM Packages for family travel,Active,https://esim4travel.pxf.io/c/7401119/1899395/22726,true,Sale: 10%
https://www.bleequp.com,Sports Apparel & Accessories,42783,FutureBleep Technology Limited,Active,https://futurebleeptechnologylimited.pxf.io/c/7401119/3290303/42783,true,Online Sale: 8%
https://www.bleequp.com,Sports Apparel & Accessories,50200,FutureBleep Technology Limited - Creator,Active,https://futurebleeptechnologylimited.pxf.io/c/7401119/3833306/50200,true,Online Sale: 10%
https://g4free.com,Sports Apparel & Accessories,33113,G4Free Activewear,Active,https://go.sjv.io/c/7401119/2853696/33113,true,Online Sale: 20%
https://gameseal.com,Collectibles & Hobbies,42332,Gameseal - Creator,Active,https://impact.gameseal.com/c/7401119/3281317/42332,true,"Purchase: 2%-10%
Gift: EUR0.00
Creator Post: EUR0.00"
https://gamesir.com,,53212,GameSir,Active,https://wiseteamtechnologydevelopmentlimited.pxf.io/c/7401119/3906645/53212,true,Online Sale: 5%
http://www.gardenhotels.com/,Accommodations,51102,"Garden Hotels (ES, DE, UK,NL,FR)",Active,https://gardenhotels.sjv.io/c/7401119/3852243/51102,true,Online Booking: 4%
http://www.garzablancaresort.com/,Accommodations,17034,Garza Blanca Resort & Spa |TAFER Hotels & Resorts ( USA & LATAM),Active,https://garzablancaresort.pxf.io/c/7401119/1433853/17034,true,Online Booking: 4%
https://www.x-sense.com/,Consumer Electronics,39753,X-Sense Smart Home Safety| Starting from 9% Commission,Active,https://gauyekinternationallimited.sjv.io/c/7401119/3169222/39753?subId1=EGL,true,"Online sale-FR: 9%
Online sale-DE: 9%
Online sale-EU: 9%
Online Sale: 9%"
https://www.gearupbooster.com/,Apps,40222,GearUP,Active,https://gearup.sjv.io/c/7401119/3204502/40222,true,Paid Subscription: 70%
https://www.gearupbooster.com/,Apps,53368,GearUP for Mobile,Active,https://gearupapp.pxf.io/c/7401119/3911079/53368,true,"Android-GearUP: 50%
iOS-GearUP: 50%"
http://www.airhubapp.com,Transportation,21179,Airhub App,Active,https://gighubsystemsinc.sjv.io/c/7401119/1790263/21179,true,Online Sale: 10%
http://www.globaldelight.com,Apps,19978,Global Delight Technologies,Active,https://globaldelight.sjv.io/c/7401119/1718086/19978,true,Online Sale: 20%-30%
https://wheeltop.com,Sports Apparel & Accessories,41066,WHEELTOP Affiliate Program,Active,https://globaloneclicktechnologycolimited.pxf.io/c/7401119/3242987/41066,true,"Online sale-US: 10%
Online Sale: 10%"
https://www.gl-inet.com,Consumer Electronics,55451,GL Technologies (Hong Kong) Limited,Active,https://glinet.pxf.io/c/7401119/3966467/55451,true,Online Sale: 3%-5%
http://www.govisitcancun.com,Vacations,33159,Go Visit Cancun (Global),Active,https://govisitcancun.pxf.io/c/7401119/2855905/33159,true,Online Booking: 4%
https://greekmoving.com,Loans & Financial Services,39845,Good Greek Moving and Storage,Active,https://goodgreekmovingandstorage.pxf.io/c/7401119/3193355/39845,true,Sale: 4%
http://www.villabalbi.it/en-GB,Transportation,28232,Grand Hotel Villa Balbi (GLOBAL),Active,https://grandhotelvillabalbi.pxf.io/c/7401119/2194105/28232,true,Online Booking: 4%
http://www.pachiralodge.com/,Transportation,38211,Grupo Pachira ( USA / LATAM/ UK /ES),Active,https://grupopachira.sjv.io/c/7401119/3093216/38211,true,Online Booking: 4%
http://www.hotelesgdlplaza.com.mx/en,Accommodations,28173,Guadalajara Plaza Hoteles (MX - USA - CA),Active,https://guadalajaraplazahoteles.sjv.io/c/7401119/2191129/28173,true,Online Booking: 4%
https://www.oppo.com,Computers,38995,OPPO FR,Active,https://oppofr.sjv.io/c/7401119/3122666/38995,true,Online Sale fr: 4%-6%
https://www.oppo.com,Computers,38996,OPPO ES,Active,https://oppoes.pxf.io/c/7401119/3122671/38996,true,Online Sale es: 3%-5%
https://www.oppo.com,Consumer Electronics,38998,OPPO UK,Active,https://oppouk.pxf.io/c/7401119/3122674/38998,true,Online Sale uk: 2%
https://www.oppo.com,,50848,OPPO ID,Active,https://oppoid.sjv.io/c/7401119/3845907/50848,true,Online Sale ID: 1%-5%
https://www.oppo.com,Computers,50849,OPPO TH,Active,https://oppoth.pxf.io/c/7401119/3845909/50849,true,Online Sale th: 1%-5%
https://laavooextensions.com,Handmade Goods,46805,Moresoo Hair Extensions,Active,https://moresoo.pxf.io/c/7401119/3731284/46805,true,Online Sale: 14%
https://laavooextensions.com,Handmade Goods,46806,YoungSee Hair Extensions,Active,https://youngsee.sjv.io/c/7401119/3731287/46806,true,Online Sale: 14%
https://laavooextensions.com,Handmade Goods,51250,Ugeat Hair Official,Active,https://ugeat.pxf.io/c/7401119/3855421/51250,true,Online Sale: 12%
https://laavooextensions.com,Handmade Goods,51251,Laavoo Extensions,Active,https://laavooextensions.sjv.io/c/7401119/3855423/51251,true,Online Sale: 14%
https://laavooextensions.com,Handmade Goods,51252,vivien Hair,Active,https://vivienhair.sjv.io/c/7401119/3855426/51252,true,Online Sale: 14%
https://www.hbada.com,Supplies & Furniture,52071,HBADA,Expired,https://hbada.pxf.io/c/7401119/3879334/52071,true,Online Sale: 5%
https://www.hbada.com,Supplies & Furniture,52143,hbada eu,Expired,https://hbadaeu.pxf.io/c/7401119/3880869/52143,true,Online Sale: 5%
https://hbdjewellery.com/,Women's Apparel,47146,HBD Ltd,Active,https://hbdltd.sjv.io/c/7401119/3742831/47146?tw_source=impact&tw_campaign=%7Birpid%7D,true,Online Sale: 10%
https://hears.com,,40336,Hears B.V,Active,https://hearsbv.pxf.io/c/7401119/3206495/40336,true,Online Sale: 8%
https://www.helium10.com,,37271,Helium 10,Active,https://i.helium10.com/c/7401119/3054775/37271,false,"Subscription Purchase: 25%-100%
Recurring Subscription: 25%"
http://hightideinc.com/,Diet & Nutrition,10322,NuLeaf Naturals CBD,Active,https://nuleafnaturals.sjv.io/c/7401119/652068/10322,true,"Scheduled Order: 5%-10%
Online Sale: 5%"
https://www.postjoyebike.com,Recreational Vehicles,53416,"HK BEIRUI TRADE CO., LIMITED",Active,https://hkbeiruitradecolimited.pxf.io/c/7401119/3912334/53416,true,Online Sale: 3%
https://poposoapsolar.com,Home & Garden,44481,POPOSOAP,Active,https://hkdragonworthtechnologylimited.pxf.io/c/7401119/3367337/44481,true,Online Sale: 12%
http://www.hmhhotelgroup.com/,Accommodations,46032,HMH Hospitality,Active,https://hmhhospitality.sjv.io/c/7401119/3434590/46032,true,Online Booking: 5%
https://store.hohem.com/,Sports Apparel & Accessories,23003,Hohem Affiliate Program,Active,https://hohemholdinghongkonglimited.sjv.io/c/7401119/1918273/23003,true,Online Sale: 1%-12%
https://store.hohem.com/,Sports Apparel & Accessories,47201,Hohem Creator Program,Active,https://hohemholdinghongkonglimited.sjv.io/c/7401119/3744268/47201,true,"Online Sale: 9%
Gift: USD0.00
Creator Post: USD0.00"
https://www.homestyler.com,"Home, Pet & Garden",22993,Homestyler,Active,https://homestyler.sjv.io/c/7401119/1917730/22993,true,"Online Sale: 20%-30%
Sign Up: 0%"
https://www.geekbuying.com,Sports Apparel & Accessories,13004,GeekBuying,Active,https://geekbuying.pxf.io/c/7401119/988751/13004,true,Online Sale: 2%-8%
https://solacechic.com,Women's Apparel,46802,Omfort,Active,https://omfort.sjv.io/c/7401119/3731076/46802,true,Online Sale: 10%
https://merachfit.com/,Sports & Exercise Equipment,42158,Merachfit,Active,https://hongkongmerachtechnologycolimited.pxf.io/c/7401119/3279852/42158,true,Online Sale: 8%-10%
https://www.cosyisland.co,Shoes,53052,Cosy Island Footwear,Active,https://hongkongnewbellatradingcolimited.sjv.io/c/7401119/3901958/53052,true,Online Sale: 5%
https://zapaka.com,Women's Apparel,48002,ZAPAKA,Active,https://hongkongpfettnetworktechnologycolimited.sjv.io/c/7401119/3768089/48002,true,"Online Sale-SA: 8%-10%
Online Sale-UK: 8%-10%
Online Sale-DE: 8%-10%
Online Sale: 8%-10%"
https://monportlaser.com/,B2B,53421,Monportlaser,Active,https://hongkongworldexpotradingcolimited.sjv.io/c/7401119/3912461/53421,true,"Online Sale-AU: 5%
Online Sale-DE: 5%
Online Sale-UK: 5%
Online Sale: 5%"
http://www.rosewe.com,Women's Apparel,17059,Modlily,Active,https://modlily.sjv.io/c/7401119/1436026/17059,true,Online Sale: 5%
https://www.ashimaryhair.com,Women's Apparel,48095,HONGKONG OSSILEE TRADING LIMITED,Active,https://hongkongossileetradinglimited.sjv.io/c/7401119/3771858/48095,true,Online Sale: 8%
https://www.ashimaryhair.com,Women's Apparel,48215,Kisslove Hair,Active,https://kisslovehaircom.pxf.io/c/7401119/3776183/48215,true,Online Sale: 8%
https://www.ashimaryhair.com,Women's Apparel,49652,HONGKONG OSSILEE TRADING LIMITED - Creator,Active,https://hongkongossileetradinglimited.sjv.io/c/7401119/3816472/49652,true,"Online Sale: 10%
Gift: USD0.00
Creator Post: USD0.00"
https://sihoooffice.com,Supplies & Furniture,25863,Sihoo EU Store,Active,https://sihoode.sjv.io/c/7401119/2067978/25863,true,Online Sale: 2%-8%
http://us.fossibot.com/,Outdoors & Recreation,32481,de.fossibot,Active,https://defossibot.sjv.io/c/7401119/2818950/32481,true,Online Sale: 8%
http://www.hotelandesplaza.co/,Transportation,35269,Hotel Andes Plaza,Active,https://hotelandesplaza.sjv.io/c/7401119/2962718/35269,true,Online Bookings: 4%
http://www.lasislas.com.co/,Accommodations,27833,Hotel Las Islas,Active,https://hotellasislas.pxf.io/c/7401119/2171048/27833,true,Online Booking: 4%
http://hotelsantafeloreto.com/,Accommodations,26822,"Hotel Santa Fe Loreto ( US, MX, PE, CA)",Active,https://hotelsantafeloreto.pxf.io/c/7401119/2115184/26822,true,Online Booking: 4%
http://www.hotelvillavaradero.com/en/,Accommodations,30110,Hotel Villa Varadero,Active,https://hotelvillavaradero.pxf.io/c/7401119/2441283/30110,false,Online booking: 4%
https://hototools.com,Home Improvement,18215,HOTO,Active,https://hototools.sjv.io/c/7401119/1565352/18215,true,Online Sale: 10%
https://hototools.com,Home Improvement,46944,HOTO - Creator,Active,https://hototools.sjv.io/c/7401119/3736559/46944,true,"Online Sale: 10%
Gift: $0.00
Creator Post: $0.00"
https://hozodesign.com,Consumer Electronics,32651,"HOZO DESIGN CO., Limited",Active,https://hozodesigncolimited.pxf.io/c/7401119/2829079/32651,true,Online Sale: 10%
https://www.lightingwill.com,B2B,27006,LightingWill,Active,https://lightingwill.sjv.io/c/7401119/2126013/27006,true,OnlineSale - TEST: 10%
https://ice.gi,Apps,47094,IceVPN,Active,https://iceprivacyltd.pxf.io/c/7401119/3741732/47094,true,"Subscription: 20%
Account Creation: USD0.00"
http://www.ikier.com,Accessories & Peripherals,55245,IKIER,Active,https://ikier.sjv.io/c/7401119/3962536/55245,true,"Online Sale - MX: 5%-7%
Online Sale - EU: 5%-7%
Online Sale: 5%-7%"
https://imagine.art,Images,43678,ImagineArt,Active,https://imagineartinc.pxf.io/c/7401119/3322109/43678,true,"Online Sale: 15%
Recurring Subscription: 0%"
https://dumblescore.com,Sports & Outdoor,52158,DumbleScore,Active,https://inscribegmbh.pxf.io/c/7401119/3881444/52158,true,"Subscription: 40%
Registration: EUR0.00"
http://www.insotelhotelgroup.com/en,Accommodations,23811,Insotel Hotel Group(GLOBAL),Active,https://insotelhotelgroup.pxf.io/c/7401119/1954976/23811,true,Online Booking: 4%
https://instantfunding.com/,,29840,Instant Funding,Active,https://instantfunding.sjv.io/c/7401119/2386495/29840,true,Sale: 8%
https://mulerun.com/chat,Apps,44028,MuleRun,Active,https://mulerun.pxf.io/c/7401119/3331494/44028,true,"Subscribe: 50%
Purchase: 0%
Sign-up: USD0.00"
https://mulerun.com/chat,Apps,48395,Mulerun - Creator,Active,https://mulerun.pxf.io/c/7401119/3782019/48395,true,"Subscribe: 50%
Purchase: 0%
Creator Post: USD0.00
Sign-up: USD0.00"
https://readdy.ai/,Apps,45423,INTERACTIVE LINK PTE. LTD.,Active,https://interactivelinkpteltd.sjv.io/c/7401119/3405242/45423,true,"Online Sales: 20%-40%
Sign-up: USD0.00"
https://internationalopenacademy.com,"Home, Pet & Garden",12764,International Open Academy,Active,https://ioa.pxf.io/c/7401119/955476/12764,true,Sale (Tag): 20%
http://www.invideo.io,Images,12258,InVideo,Active,https://invideo.sjv.io/c/7401119/883681/12258,true,"InVideo AI - Paid Subscription: 25%-50%
Paid Subscription: 25%-50%
Recurring Subscription: 50%
Invideo AI - Android: 25%
Invideo AI - iOS: 25%
Invideo AI - Android: 0%
Invideo AI - Android: 0%
Invideo AI - Android: 0%
Invideo AI - iOS: 0%
Invideo AI - iOS: 0%
Invideo AI - iOS: 0%
inVideo AI - Sign-up: USD0.00
Sign-up: USD0.00"
http://iproyal.com,Apps,15731,IPRoyal,Active,https://iproyal.sjv.io/c/7401119/1281667/15731,true,"Payout Request: 10%
Order Sum : 10%
Proxy Registration: US$0.00
Pawns Registration: US$0.00"
http://www.iroamly.com,Internet Service Provider,24340,iRoamly Travel eSIM,Active,https://iroamly.pxf.io/c/7401119/1983437/24340,true,Online Sale: 15%
http://www.ironsoftware.com,Apps,18285,Iron Software Affiliate Program,Active,https://iron-sofftware-affiliate-program.sjv.io/c/7401119/1574314/18285?trafsrc=Impact%20%28Affiliate%29,true,Online Sale: 3%
https://italist.com,Women's Apparel,53066,Italist Inc.,Active,https://italistinc.pxf.io/c/7401119/3902149/53066,true,Online Sale: 10%
https://italist.com,Women's Apparel,53088,Hewi ,Active,https://hewi.pxf.io/c/7401119/3902631/53088,true,Online Sale: 4%-6%
https://italist.com,Women's Apparel,53353,Italist Inc. - Creator,Active,https://italistinc.pxf.io/c/7401119/3910660/53353,true,"Online Sale: 15%
Gift: $0.00
Creator Post: $0.00"
https://www.italki.com,,51770,Italki DACH,Active,https://italkidach.sjv.io/c/7401119/3870094/51770,true,Online Sale API: USD18.00
http://www.itchotels.com/in/en,Transportation,47033,ITC Hotels,Active,https://itchotels.pxf.io/c/7401119/3739377/47033,true,Online Booking: 6%
http://www.jaresortshotels.com/,Accommodations,26202,JA Resorts & Hotels(GLOBAL),Active,https://jaresortshotels.pxf.io/c/7401119/2085622/26202,true,Online Booking: 6%
http://www.jackery.com,Computers,20686,Jackery NL,Active,https://itjackery.pxf.io/c/7401119/1762660/20686,true,Online Sale: 8%
http://jalbum.net,Website Hosting,17916,jAlbum Affiliate Program,Active,https://jalbum-affiliate-program.sjv.io/c/7401119/1531950/17916,true,Online Sale: 20%
https://www.jetpacglobal.com/us/,Winter,21879,Jetpac Global,Active,https://affiliate.jetpacglobal.com/c/7401119/1833340/21879,true,Online Sale: 10%
http://www.jetpark.co.nz,Accommodations,24690,JetPark Hotel(GLOBAL),Active,https://jetparkhotels.pxf.io/c/7401119/2003927/24690,true,Online Booking: 6%
https://fitory.com/,Women's Apparel,43898,Fitory Footwear ,Active,https://jinyuinternationaltradingcolimited.sjv.io/c/7401119/3327806/43898,true,Online Sale: 10%
https://www.bosgame.com/,Computers,44974,BOSGAME.COM,Active,https://jingetechnologyhongkonglimited.sjv.io/c/7401119/3384201/44974,true,Online Sale: 5%
https://www.wooeyeshop.com,Cosmetics & Skin Care,41189,WOOEYE COLOR CONTACT LENSES,Active,https://jingjiangzhizaoeyewearindustryshenzhencoltd.sjv.io/c/7401119/3248180/41189,true,Online Sale: 15%
https://www.joom.com,Women's Apparel,41671,Joom,Active,https://joom.pxf.io/c/7401119/3261998/41671,true,Online Sale: 2%-25%
https://www.teachersgram.com/,Women's Apparel,21143,teachersgram.com,Active,https://teachersgram.pxf.io/c/7401119/1787069/21143,true,Online Sale: 15%
https://www.benpay.com,Loans & Financial Services,41918,BenPay,Active,https://jxjlinc.sjv.io/c/7401119/3273295/41918,true,"Trade: 4%-6%
Deposit: 0%"
https://www.kamatera.com,Website Hosting,36439,Kamatera,Active,https://kamatera.sjv.io/c/7401119/3017924/36439,true,"Active Server 60 Days: $75.00
Trial: $0.00
Sign Up: $0.00"
https://www.kingbullbike.com/,Sports Apparel & Accessories,38928,Kingbull Electric Bikes,Active,https://kingbulltechnologycolimited.pxf.io/c/7401119/3120144/38928,true,Online Sale: 8%
https://www.kingcampoutdoors.com/,Outdoors & Recreation,51925,KingCamp Outdoors,Active,https://kingcampoutdoorproductscompanyhklimited.sjv.io/c/7401119/3875470/51925,true,Online Sale: 10%
http://www.kingstonhotelsgroup.com,,55000,"Kingston Hotel Group, Thailand",Active,https://kingstonhotelgroupthailand.sjv.io/c/7401119/3959735/55000,true,Online booking: 5%
https://kkday.com,Transportation,11745,KKday Australia,Active,https://kkday.sjv.io/c/7401119/840050/11745,true,Online Sale: 2%-5%
https://kospet.com,Sports Apparel & Accessories,27123,KOSPET Smartwatch,Active,https://kospetsmartwatch.sjv.io/c/7401119/2134208/27123,true,OnlineSale - kospet: 6%
https://l-nutra.com,Diet & Nutrition,28240,L-NUTRA ITALIA S.r.l.,Active,https://lnutraitaliasrl.sjv.io/c/7401119/2194634/28240,true,"Online Sale - UAE: 20%
Online Sale Prolon Fasten: 20%
Online Sale EU: 20%
Online Sale ES: 20%
Online Sale RO: 20%
Online Sale FR: 20%
Online Sale IT: 20%"
http://www.laperle.com/en,Transportation,48094,La Perle,Active,https://laperle.sjv.io/c/7401119/3771830/48094,true,Online Booking: 5%
http://lebua.com/,Accommodations,54308,Lebua Hotels & Resorts,Active,https://lebuahotelsresorts.sjv.io/c/7401119/3940145/54308,true,Online Booking: 5%
https://www.torraslife.com,Sports Apparel & Accessories,33675,TORRAS-COOLiFY,Active,https://coolifytorraslifecom.sjv.io/c/7401119/2884480/33675,true,Online Sale: 12%
http://www.lenovo.com/in/en,Computers,9634,Lenovo India,Active,https://lenovo-in.zlvv.net/c/7401119/584269/9634,true,Online Sale: 4%-8%
http://www.eechic.com,Men's Apparel,17020,Printrendy,Active,https://printrendy.pxf.io/c/7401119/1432688/17020,true,Online Sale: 1%
http://www.lisbonheritagehotels.com,Accommodations,26114,Lisbon Heritage ( PT/ USA/ ES),Active,https://lisbonheritage.pxf.io/c/7401119/2081438/26114,true,Online Booking: 5%
www.htvront.com/,Art & Craft Supplies,56322,HTVRONT EU,Active,https://htvronteu.pxf.io/c/7401119/3989932/56322,true,Online Sale: 6%
https://www.longer3d.com,,52965,longer.eu,Active,https://longereu.sjv.io/c/7401119/3900160/52965,true,Online Sale: 5%
http://www.lopesan.com,Accommodations,13538,Lopesan ( GLOBAL ),Active,https://lopesan.sjv.io/c/7401119/1041292/13538,true,Online Booking: 3%
https://www.getnomad.app,Apps,34279,Nomad eSIM,Active,https://lotusflareinc.pxf.io/c/7401119/2915870/34279,true,"Android: 3%-7.5%
iOS: 3%-7.5%
Online Sale: 3%-7.5%"
https://www.luderejewelry.com,Jewelry & Watches,27846,LÚDERE,Active,https://ldere.sjv.io/c/7401119/2171506/27846,true,Online Sale: 15%
https://www.macrosoft.store,Software,33612,MACROSOFT STORE S.R.L.,Active,https://macrosoftstoresrl.pxf.io/c/7401119/2881519/33612,true,Sale: 18%
http://www.magichotelgroup.com/en,Accommodations,23995,Magic Hotel Group(GLOBAL),Active,https://magiccostablanca.pxf.io/c/7401119/1963984/23995,true,Online Booking: 4%
http://shopmakari.com/,Cosmetics & Skin Care,20749,Makari De Suisse,Active,https://makaridesuisse.sjv.io/c/7401119/1765850/20749,true,Online Sale : 1%
http://www.malaysiaairlines.com,Transportation,20075,Malaysia Airlines,Active,https://malaysiaairlines.sjv.io/c/7401119/1728493/20075,true,Online Booking: 0.5%-2%
http://www.malaysiaairlines.com,Transportation,49591,Firefly,Active,https://firefly.pxf.io/c/7401119/3814778/49591,true,Online Booking: 1%-2%
https://flowith.io,Website Hosting,53169,Flowith,Active,https://flowith.sjv.io/c/7401119/3904786/53169,true,"Online Sales: 20%
Sign Up: USD0.00"
https://www.margovil.com,Women's Apparel,44973,Margovil,Active,https://margovil.pxf.io/c/7401119/3384076/44973,true,Online Sale: 15%
http://www.marketxls.com,Apps,9372,TechNitya.com,Active,https://technitya.sjv.io/c/7401119/565398/9372,true,TechNitya Sale Event: 20%
http://www.martinic.com,Software,4482,Martinic Audio,Active,https://martinic.evyy.net/c/7401119/281363/4482,true,Sale: 30%
https://www.mbito.app/,Parts & Accessories,42806,Mbito - Mercedes OBD2 Diagnostic Tool,Active,https://mbito.sjv.io/c/7401119/3290738/42806,true,Online Sale: 10%
http://www.megaworldhotels.com/,Transportation,27191,Megaworld Hotels & Resorts,Active,https://megaworldhotelsresorts.sjv.io/c/7401119/2137190/27191,true,Online Booking: 5%
https://menavpn1.com,Software,37004,MenaVpn,Active,https://goto.menavpn1.com/c/7401119/3043619/37004,true,"Subscription: 50%
Recurring subscription: 35%"
https://us.anthbot.com,Patio & Garden,35272,ANTHBOT,Active,https://anthbot-international.pxf.io/c/7401119/2963040/35272,true,"Online Sales - FR: 10%
Online Sales - eu: 10%
Online Sales - uk: 10%
Online Sales - de: 10%
Online Sale: 10%"
https://vollyc.com/,Transportation,47550,VOLLYC,Active,https://merzogrouplimited.sjv.io/c/7401119/3755180/47550,true,Online Sale: 10%
https://vollyc.com/,Outdoors & Recreation,47696,FLEXTAIL,Active,https://flextail.pxf.io/c/7401119/3759267/47696,true,Online Sale: 10%
https://meshnology.com/,Computers,45783,Meshnology,Active,https://go.pxf.io/c/7401119/3418173/45783,true,Online Sale: 13%
https://mfimedical.com,First Aid & pharmacy,26283,MFI Medical,Active,https://mfimedical.sjv.io/c/7401119/2089249/26283,true,Online Sale: 1%
http://www.nh-hotels.com,Accommodations,15508,Minor Hotels(formerly NH Hoteles)( GLOBAL ),Active,https://nhhotelgroup.sjv.io/c/7401119/1260690/15508,true,Online Booking: 5%-6%
https://maya.net,Apps,49401,Maya Mobile - Affiliate Program,Active,https://mayamobile.pxf.io/c/7401119/3808432/49401,true,Online Sale: 15%-20%
http://www.monrealehotels.com/,Accommodations,46423,Monreale Hotels(Brazil),Active,https://monrealehotels.pxf.io/c/7401119/3719128/46423,true,Online Booking: 4%
https://muc-off.com/,Sports Apparel & Accessories,14325,Muc-Off,Active,https://mucoff.sjv.io/c/7401119/1131496/14325,true,"Online Sale: 7%-10%
Recurring Subscription: 10%"
http://mushroomsupplies.com,Diet & Nutrition,18134,MushroomSupplies.com,Active,https://mushroom-supplies.sjv.io/c/7401119/1554002/18134,true,Online Sale: 5%-8%
https://mynextbike.co.uk,Sports & Exercise Equipment,45081,MyNextBike,Active,https://mynextbikeltd.pxf.io/c/7401119/3390549/45081,true,Online Sale: 5%
https://hailuoai.video,Collectibles & Hobbies,51611,Hailuo AI,Active,https://hailuoai.pxf.io/c/7401119/3866417/51611,true,"HailuoAI App for Android: 10%
HailuoAI App for iOS: 10%
Subscribe: 10%
Sign Up: USD0.00"
https://navimow.com/,Home & Garden,47785,Navimow US,Active,https://navimowinc.pxf.io/c/7401119/3761659/47785,true,Online Sale: 4%
http://neakasa.com,Pet Supplies,20973,neakasa.com,Expired,https://neakasacom.sjv.io/c/7401119/1776914/20973,true,Online Sale: 10%
https://www.networksolutions.com,Website Hosting,555,Network Solutions Affiliate Program,Active,https://network-solutions.7eer.net/c/7401119/10998/555,false,Purchase: $3.00-$100.00
https://nexo.com,Loans & Financial Services,12544,Nexo,Active,https://nexo.sjv.io/c/7401119/918878/12544,true,"Card bonus: USD20.00
Zero Interest Credit: 100%
Futures: 20%
Interest: 10%
Borrow: 1%
Exchange: 0.2%
Deposit: 0%
Nexo - iOS: 0%
Nexo - iOS: 0%
Nexo - Android: 0%
Nexo - Android: 0%
Sign Up: 0%"
https://nexters.com,Computers,24469,Nexters Affiliate Program,Active,https://nextersgloballtd.sjv.io/c/7401119/1990070/24469,true,Sign Up: USD0.10-USD8.00
http://www.niccolohotels.com/en/home,Accommodations,25132,Niccolo Hotels(GLOBAL),Active,https://niccolohotels.pxf.io/c/7401119/2023328/25132,true,Online Booking: 5%
https://niphean.com,Spa & Personal Grooming,37610,GOO GOO HAIR AMAZON,Active,https://ggamazon.sjv.io/c/7401119/3070612/37610,true,Online Sale: 15%
http://www.nnhotels.com/en,Accommodations,24148,NN Hotels(GLOBAL),Active,https://nnhotels.sjv.io/c/7401119/1972998/24148,true,Online Booking: 7%
https://nobis.com,Women's Apparel,44724,Nobis,Active,https://nobisinc.pxf.io/c/7401119/3373557/44724,true,"Online Sale (EU): 5%
Online Sale (US): 5%
Online Sale (CA): 5%"
http://nordvpn.com,Computers,7452,NordVPN,Active,https://nordvpn.sjv.io/c/7401119/417838/7452,true,"New Customer Online Sale: 40%
NordProtect (US only): 30%
NordPass: 30%"
http://www.onemilebike.com/en-us,Sports & Exercise Equipment,21135,Onemile,Active,https://onemilebike.sjv.io/c/7401119/1787045/21135,true,Online Sale: 10%
http://novakidschool.com,Learning,16082,Novakid Global EN,Active,https://novakid-global-en.pxf.io/c/7401119/1333218/16082,true,"Subscription: $90.00
Trial Success: $0.00
Trial Booking: $0.00
Sign Up: $0.00"
https://nym.com,Software,28113,NymVPN,Active,https://nymtechnologies.pxf.io/c/7401119/2187137/28113,true,Subscription: USD5.00-USD25.00
http://en.nyxhotels.com/,Accommodations,36539,Hotel NYX Cancun Mexico (GLOBAL TRAFFIC),Active,https://nyxcancunglobal.pxf.io/c/7401119/3022097/36539,true,Online Booking: 4%
www.obdeleven.com,Apps,21171,OBDeleven,Active,https://goto.obdeleven.com/c/7401119/1789127/21171,true,Online Sales: 10%
http://www.oberoihotels.com,Accommodations,48005,Oberoi Hotels and Resorts,Active,https://oberoihotelsandresorts.sjv.io/c/7401119/3768202/48005,true,Online Booking: 3%-5%
https://oceanhotels.com,Vacations,52398,OCEAN HOTELS,Active,https://oceanhotels.pxf.io/c/7401119/3885573/52398,true,Online Sale: 6%
http://oceana.com.gt/en/,Accommodations,29083,Oceana Resort And Conventions (GLOBAL),Active,https://oceanabeachresort.pxf.io/c/7401119/2239878/29083,true,Online Booking: 4%
https://ohuhu.com,Sports & Exercise Equipment,45779,Sportneer,Active,https://sportneer.sjv.io/c/7401119/3418013/45779,true,Online Sale: 10%
https://ohuhu.com,Consumer Electronics,45780,Tribit,Active,https://tribit.pxf.io/c/7401119/3418015/45780,true,Online Sale: 8%
https://ohuhu.com,Consumer Electronics,45781,iClever,Active,https://iclever.pxf.io/c/7401119/3418017/45781,true,Online Sale: 10%
http://www.omnisend.com,Apps,21260,Omnisend Affiliate Partner Program,Active,https://your.omnisend.com/c/7401119/1793390/21260,true,"Paid Subscription: 20%
Free Trial: USD0.00"
https://vidmage.ai,Software,45449,Vidmage,Active,https://vidmage.pxf.io/c/7401119/3406179/45449,true,"Online Sales: 30%
Sign-up: USD0.00"
https://www.oneplus.com,Consumer Electronics,14044,OnePlus FR,Active,https://oneplusfr.sjv.io/c/7401119/1103247/14044,true,Online Sale API - FR: 0%
https://shop.oobyte.net,Shopping,41310,ooByte,Active,https://oobyte.pxf.io/c/7401119/3253528/41310,true,"Online Lead: EUR4.00
ooByte - Android: EUR0.00
ooByte - Android: EUR0.00
ooByte - iOS: EUR0.00
ooByte - iOS: EUR0.00"
https://shop.oobyte.net,Apps,53712,Oobyte Program 2 - Performance,Active,https://oobyteprogram2performance.pxf.io/c/7401119/3921070/53712,true,"Withdraw 1: EUR5.00
Task completed 1: EUR1.00
Signup email: EUR0.00"
http://www.oojo.com,Transportation,26575,Oojo,Active,https://oojo.pxf.io/c/7401119/2103268/26575,true,Online Booking: USD9.00
https://orbitmobile.com,Internet Service Provider,32966,Orbit Mobile,Active,https://orbitmobile.sjv.io/c/7401119/2846112/32966,true,"Orbit Mobile iOS: 20%
Orbit Mobile Android: 20%
Purchase: 20%"
https://www.original-group.com/,Accommodations,13731,Original Resorts ( USA & LATAM ),Active,https://originalresorts.pxf.io/c/7401119/1071608/13731,true,Online Booking: 4%-6%
http://www.ourpanama.com/,Accommodations,37304,Our Panama,Active,https://ourpanama.pxf.io/c/7401119/3055957/37304,true,Online Booking: 4%
https://outin.com,Kitchen & Dining,49942,OutIn Inc.,Active,https://outininc.pxf.io/c/7401119/3825566/49942,true,"Online sale-FR: 20%
Online sale-ES: 20%
Online sale-IT: 20%
Online sale-DE: 20%
Online Sale: 20%"
https://www.pacdora.com,"Themes, Code, Graphics, Video & more",26804,Pacdora,Active,https://pacdora.sjv.io/c/7401119/2114187/26804,true,Online Sale: 30%
http://parallels.com,Apps,20120,WinZip,Active,https://winzip.sjv.io/c/7401119/1731378/20120,true,Online Sale: 10%
http://parallels.com,Apps,21243,Video editing program,Active,https://videoeditingprogram.pxf.io/c/7401119/1793092/21243,true,Online Sale: 10%
http://parallels.com,Apps,21244,Productivity program,Active,https://productivityprogram.sjv.io/c/7401119/1793095/21244,true,Online Sale: 10%
https://www.parentica.app,Learning,45854,Parentica AB,Active,https://parenticaab.pxf.io/c/7401119/3423511/45854,true,Online Sale: 25%
http://www.parkhotelgroup.com,Accommodations,23994,Park Hotel Group(GLOBAL),Active,https://parkhotelgroup.sjv.io/c/7401119/1963980/23994,true,Online Booking: 5%
http://patinahotels.com/maldives-fari-islands,Accommodations,23809,Patina Maldives(GLOBAL),Active,https://patinamaldivesglobal.sjv.io/c/7401119/1954854/23809,false,Online Booking: 5%
https://www.patpat.com?adlk_id=2044169,Women's Apparel,12362,PatPat,Active,https://patpat.sjv.io/c/7401119/895636/12362,true,"Android - Patpat AF: 5%
iOS - Patpat AF: 5%
Online Sale: 5%"
https://www.kraken.com,Loans & Financial Services,47948,Breakout,Active,https://breakout.pxf.io/c/7401119/3766117/47948,true,"Evaluation Purchase: $100.00
Sign Up: $0.00"
https://yce.perfectcorp.com/,Images,40471,YouCam Online Editor,Active,https://perfectmobilecorp.pxf.io/c/7401119/3217018/40471,true,"First Subscription: 25%
Purchase Credits: 25%"
http://www.pezgato.com/,Accommodations,31191,Pez Gato Cruise Adventures ( GLOBAL),Active,https://pezgato.pxf.io/c/7401119/2696649/31191,true,Online booking: 4%
https://pickrelay.com/,Movie & TV,53482,Relay,Active,https://pickrelay.pxf.io/c/7401119/3914964/53482,true,"Subscription Purchase: $5.00
Recurring Subscription: $0.00
Account Sign-Up: $0.00"
https://simovo.com,Shopping,44766,SIMOVO,Active,https://planettelecomltd.pxf.io/c/7401119/3377243/44766,true,Online Sale: 10%
https://plantifique.com,Spa & Personal Grooming,54380,Plantifique,Active,https://plantifique.sjv.io/c/7401119/3942091/54380,true,Online Sale: 15%
https://plungechill.com/?srsltid=AfmBOopLXGF7uAhjA6UNzGsKr56ina8v75bG6-gSK2dHIALqcfUHKeBv,Sports & Exercise Equipment,56066,Plunge Chill,Active,https://plungechill.pxf.io/c/7401119/3983406/56066,true,Online Sale: 10%-20%
https://www.plusmetrica.com,Creative Digital Assets,48595,PlusMetrica,Active,https://plusmetricafzco.sjv.io/c/7401119/3788680/48595,true,"Re-Subscription: 20%
Subscription: 20%
Sign Up: USD0.00"
https://www.pointsyeah.com,Loans & Financial Services,28900,PointsYeah.com,Expired,https://pointsyeahinc.sjv.io/c/7401119/2229924/28900,true,Membership Purchase: 30%
https://store.pongbotsports.com,Sports Apparel & Accessories,51732,PONGBOT Sports Affiliate Program,Active,https://pongbotlimited.sjv.io/c/7401119/3869205/51732,true,Online Sale: 5%
http://www.popilush.com/,Women's Apparel,16873,Popilush,Active,https://popilush.pxf.io/c/7401119/1417895/16873,true,Online Sale: 3%
https://postermywall.com/,Apps,27476,PosterMyWall,Active,https://postermywall.sjv.io/c/7401119/2154910/27476,true,Subscription: 20%
https://preply.com/,Apps,24422,Preply Learners,Active,https://preply.sjv.io/c/7401119/1987575/24422,true,"Subscription: $50.00
New Trials: 70%"
https://www.printerpix.de,Gifts & Stationery,35652,PrinterPix DE,Active,https://printerpixukltd.pxf.io/c/7401119/2981264/35652,true,Online Sale: 10%
https://promeed.com,Bed & Bath,46700,Promeed,Active,https://promeed.sjv.io/c/7401119/3727801/46700,true,Online Sale: 12%
http://propmoney.com,Art & Photography,14559,Prop Money Inc.,Expired,https://propmoneyinc.pxf.io/c/7401119/1151627/14559,true,Online Sale: 3%
https://proxy-cheap.com,Website Hosting,47563,Proxy-cheap,Active,https://lietparkasuab.pxf.io/c/7401119/3755772/47563,true,"Sale Re-subscription: 25%
Sale subscription: 25%
Lead signing: USD0.00"
https://jdsports.id,Women's Apparel,29551,JD Sports Indonesia,Active,https://jdsportsindonesia.pxf.io/c/7401119/2317816/29551,true,"iOS: 4%
Android: 4%
Online Sale: 4%"
https://www.pubrio.com,B2B,39879,Pubrio,Active,https://pubrio.pxf.io/c/7401119/3194404/39879,true,"Top Up: 25%
Subscribe: 25%
Sign Up: USD0.50"
http://www.questhotelsandresorts.com/,Transportation,32098,Quest Hotels & Resorts,Active,https://questhotelsresorts.pxf.io/c/7401119/2795353/32098,true,Online Booking: 5%
http://www.rainforestexpeditions.com,Transportation,32646,Rainforest Expeditions (USA & LATAM) ,Active,https://rainforestexpeditions.sjv.io/c/7401119/2828803/32646,false,Online Booking: 4%
http://experiences.travel.rakuten.com/,Transportation,22812,Rakuten Travel Experiences ( GLOBAL ),Active,https://rakutentravelexperiences.sjv.io/c/7401119/1905086/22812,true,Online Booking: 3%
https://readdle.com/,Apps,11051,PDF Expert,Active,https://readdle.8kpa2n.net/c/7401119/763057/11051,true,Online Sale: 25%-40%
https://mowrator.com,,26834,Reemo Innovation Limited,Active,https://mowrator.pxf.io/c/7401119/2116019/26834,true,Online Sale: 6%
https://mowrator.com,Patio & Garden,28771,Mowrator AU,Active,https://mowratorau.sjv.io/c/7401119/2223524/28771,true,Online Sale: 6%
http://www.booking.regalhotel.com,Accommodations,25869,Regal Hotels(GLOBAL),Active,https://regalhotels.sjv.io/c/7401119/2068112/25869,true,Online Booking: 4%
https://saflyfun.com,Patio & Garden,53504,Yousky,Active,https://relieftech.sjv.io/c/7401119/3915795/53504?trafsrc=impact&trafcat=affilate,true,Online Sale: 8%
https://saflyfun.com,Sports & Exercise Equipment,53694,Saflyfun,Active,https://saflyfuncom.pxf.io/c/7401119/3920383/53694,false,Online Sale: 8%
https://saflyfun.com,Spa & Personal Grooming,53695,tisscare,Active,https://tisscarecom.pxf.io/c/7401119/3920385/53695,true,Online Sale: 8%
http://www.renderforest.com,Apps,14885,Renderforest,Active,https://renderforest.pxf.io/c/7401119/1184570/14885,true,"Online Sale: 20%-40%
Sign Up: USD0.00"
https://retouch4.me,"Themes, Code, Graphics, Video & more",39694,Retouch4me ,Active,https://relu0u.pxf.io/c/7401119/3151563/39694,true,"Recurring Subscription: 50%
Purchase: 10%"
http://www.reverencehotels.com,Accommodations,25789,Reverence Hotels (GLOBAL),Active,https://reverencehotels.pxf.io/c/7401119/2059583/25789,true,Online Booking: 5%
https://revomadic.com,Sports Apparel & Accessories,33423,REVOMADIC,Active,https://revomadic.sjv.io/c/7401119/2870554/33423,true,Online Sale: 10%-30%
https://www.riibase.com,B2B,54856,Riibase - All in One CRM,Active,https://riibase.pxf.io/c/7401119/3954406/54856,true,Sale: 50%
https://www.riibase.com,B2B,55630,Riibase - Creator,Active,https://riibase.pxf.io/c/7401119/3971637/55630,true,Sale: 50%
https://pl.roborock.com,Bed & Bath,39935,RO-Roborock,Active,https://roroborock.pxf.io/c/7401119/3195044/39935,true,Online Sale: 4%
https://rockbrosbike.us,Sports Apparel & Accessories,50132,ROCKBROS USA ,Expired,https://rockbrosusallc.sjv.io/c/7401119/3831492/50132,true,Online Sale: 15%
https://rosesdelfuego.com,Flowers,52695,Roses del fuego,Active,https://rosesdelfuego.sjv.io/c/7401119/3890395/52695,true,"Online Sale: 40%
Recurring Sales: 30%"
http://www.rovehotels.com,Accommodations,19042,Rove Hotels ( GLOBAL ),Active,https://rovehotels.pxf.io/c/7401119/1640472/19042,true,Online Booking: 6%
https://www.rowabi.com,Home & Garden,30391,Rowabi LLC,Active,https://rowabillc.pxf.io/c/7401119/2519345/30391,true,Online Sale: 5%
https://www.runstar.com/,Sports Apparel & Accessories,53683,RunStar,Active,https://runstar.sjv.io/c/7401119/3920247/53683,true,Online Sale: 10%
https://saily.com,Apps,25536,Saily,Active,https://saily.sjv.io/c/7401119/2044403/25536,false,Purchase: 10%
http://www.sanahotels.com/en/,Transportation,25452,Sana Hotels,Active,https://sanahotels.pxf.io/c/7401119/2039330/25452,true,Online booking: 4%
http://mysantika.com/,Transportation,31275,Santika Hotels & Resorts,Active,https://santikahotelsresorts.sjv.io/c/7401119/2713864/31275,true,Online Booking: 6%
http://www.sarovahotels.com,Accommodations,27400,Sarova Hotels & Resorts,Active,https://sarovahotelsresorts.sjv.io/c/7401119/2151586/27400,true,Online Booking: 6%
https://le-parmentier.com,Bags & Accessories,25375,LePARMENTIER Paris,Active,https://sartoriaoperaprimasrl.sjv.io/c/7401119/2036133/25375,true,Online Sale: 16%
http://www.savoydubai.com/,Transportation,28150,Savoy Dubai,Active,https://savoydubai.sjv.io/c/7401119/2189472/28150,true,Online Booking: 6%
https://www.scalahosting.com/,Apps,18136,SPanel,Active,https://imp.scalahosting.com/c/7401119/1554166/18136,true,"Recurring Subscription: 100%
Online Sale: 100%
Online Lead: $0.00"
http://www.selenichast.com,Jewelry & Watches,42778,Jewelhalo,Active,https://jewelhalocom.pxf.io/c/7401119/3290251/42778,true,Online Sale: 20%
http://www.casasandra.com/,Accommodations,40805,Ser Casasandra(LATAM),Active,https://sercasasandra.pxf.io/c/7401119/3227199/40805,true,Online Booking: 4%
https://www.kugooescooters.com/,Sports & Exercise Equipment,30702,Flyingeagleskate,Active,https://flyingeagleskate.sjv.io/c/7401119/2591639/30702,true,OnlineSale: 7%
https://www.kugooescooters.com/,Parts & Accessories,30705,joyor-escooter,Active,https://joyorescooter.pxf.io/c/7401119/2591712/30705,true,OnlineSale: 3%
https://pard.com,Outdoors & Recreation,35144,PARD,Active,https://shenzhenpardtechnologycoltd.pxf.io/c/7401119/2958103/35144,true,Online Sale main: 9%
https://www.lingchat.pro,Learning,40812,LingChat,Active,https://shenzhenshuttertechnologycoltd.sjv.io/c/7401119/3227605/40812,true,Online Sale: 40%
https://www.wondershare.com,Apps,15586,Wondershare Software Program,Active,https://wondersharesoftware.pxf.io/c/7401119/1266848/15586,true,Online Sale: 30%
https://www.shopify.com,Website Hosting,13624,Shopify,Active,https://shopify.pxf.io/c/7401119/1061744/13624,true,"Full Price Shop: US$25.00-US$150.00
Retained Full Price Shops: 12 Mo: US$0.00
Retained Full Price Shops: 9 Mo: US$0.00
Retained Full Price Shops: 6 Mo: US$0.00
Retained Full Price Shops: 3 Mo: US$0.00
Paid Trial: US$0.00
Free Trial: US$0.00"
http://cvlife.com,Outdoors & Recreation,24051,cvlife.com,Active,https://cvlife.sjv.io/c/7401119/1967060/24051,true,Online Sale: 10%-15%
http://cvlife.com,Collectibles & Hobbies,24052,lekatodeal.com,Active,https://lekatodeal.pxf.io/c/7401119/1967065/24052,true,Online Sale: 15%
http://www.shutterstock.com,Images,1305,Shutterstock's Affiliate Partner Program,Expired,https://shutterstock.7eer.net/c/7401119/42119/1305,true,"Shutterstock Purchase: 10%-20%
PremiumBeat Purchase: 30%
Shutterstock Rebill: 20%"
https://sidi.com/,Sports Apparel & Accessories,50060,Sidi,Active,https://sidisportsrl.pxf.io/c/7401119/3827404/50060,true,Online Sale: 4%-6%
https://www.simplycarbonfiber.com,Parts & Accessories,20529,Simply Carbon Fiber,Active,https://simplycarbonfiber.sjv.io/c/7401119/1754737/20529,true,Online Sale: 10%
http://www.sinocrafted.com,Collectibles & Hobbies,55661,Sinocrafted,Active,https://sinocrafted.pxf.io/c/7401119/3972611/55661,true,Online Sale: 20%
https://www.site123.com,Website Hosting,26011,SITE123 LTD,Active,https://site123ltd.sjv.io/c/7401119/2075036/26011,true,"Purchase: USD40.00-USD200.00
Account Creation: USD0.00"
https://esimx.com,Internet Service Provider,27320,eSIMX,Active,https://skylarkconnectllc.pxf.io/c/7401119/2147759/27320,true,OnlineSale: 15%
https://skylum.com,Apps,3255,Skylum Affiliate Program,Active,https://skylum.evyy.net/c/7401119/185399/3255,true,"Luminar Neo monthly subscription: 85%
Luminar Mobile 1 Week: 80%
Luminar Mobile 1 month: 80%
Aperty monthly subscription: 65%
Luminar Mobile 6 months: 25%
Aperty yearly subscription: 20%
Aperty Sale: 20%
Luminar Mobile 1 year: 20%
Luminar X Basic sale: 20%
Luminar Neo subscription: 20%
Luminar X sale: 20%
Luminar: 20%
Luminar Mobile lifetime: 20%
Luminar NEO leads: $0.75"
http://www.skyluxtravel.com/,Transportation,27496,SKYLUX Travel,Active,https://skyluxtravel.sjv.io/c/7401119/2155949/27496,true,Online Booking: USD13.00-USD18.00
https://www.botslab.com/,Parts & Accessories,43473,Botslab,Active,https://smartnetworkcolimited.pxf.io/c/7401119/3307751/43473,true,"Online Sale: 10%
Online Sales - DE : 10%"
https://www.smartwingshome.com/,Furniture & Home Decor,28783,Smartwings,Active,https://smartwingshome.pxf.io/c/7401119/2223967/28783,true,Online Sale: 1%
http://www.solaireresort.com/,Accommodations,52192, Solaire Resort ,Active,https://sola.sjv.io/c/7401119/3882253/52192,true,Online Booking: 6%
http://www.sportsevents365.com/,Tickets & Shows,23992,Sports Events 365 (GLOBAL),Active,https://sportsevents365.pxf.io/c/7401119/1963967/23992,true,Online Booking: 7%
https://wr.st-asu.com/company,Software,29798,WEBROOT master,Active,https://stasupteltd.sjv.io/c/7401119/2375998/29798,true,Subscription: 200%
https://www.litime.com/,Accessories & Peripherals,49141,ipowerqueen.de,Active,https://powerqueende.sjv.io/c/7401119/3800459/49141,true,"Online Sale-FR: 5%
Online Sale: 5%"
https://www.litime.com/,Outdoors & Recreation,49142,Redodo Power-DE,Active,https://redodopowerde.sjv.io/c/7401119/3800466/49142,true,"Online Sale-FR: 5%
Online Sale-ES: 5%
Online Sale: 5%"
https://stuhrling.com/,Jewelry & Watches,48882,Stuhrling Original,Active,https://stuhrlingoriginal.pxf.io/c/7401119/3794754/48882,true,Online Sale: 5%
https://www.sumup.com/en-gb/,B2B,25696,SumUp EU,Active,https://sumupeu.sjv.io/c/7401119/2053226/25696,true,"Purchase EU: 20%
Activation: EUR0.00
Full Verification: EUR0.00
Sign up EU: EUR0.00"
http://www.sunsiyam.com,Accommodations,21603,Sun Siyam Resorts ( GLOBAL ),Active,https://sunsiyamresorts.pxf.io/c/7401119/1814250/21603,true,Online Booking: 6%
https://suosooptics.com/,Sports Apparel & Accessories,49879,SUOSO_Official,Active,https://suosoofficial.pxf.io/c/7401119/3823459/49879,true,"Online Sale: 15%
Recurring Sales: 5%"
http://surfshark.com/,Software,9043,Surfshark ,Active,https://surfshark.sjv.io/c/7401119/529009/9043,true,Conversion: 40%
https://surveysparrow.com,B2B,48073,SurveySparrow Inc,Active,https://surveysparrowinc.pxf.io/c/7401119/3771210/48073,true,"Recurring Subscription: 25%
Subscription Purchase: 25%
Sign Up: $0.00"
https://www.lumibricks.com/,Collectibles & Hobbies,17189,Lumibricks ,Active,https://funwhole.sjv.io/c/7401119/1448255/17189,true,Online Sale: 8%
https://www.lumibricks.com/,Collectibles & Hobbies,17190,Lightailing,Active,https://lightailing.sjv.io/c/7401119/1448258/17190,true,Online Sale: 8%
http://www.swiss-belhotel.com,Transportation,27064,Swiss Belhotel International,Active,https://swissbelhotelinternational.pxf.io/c/7401119/2130495/27064,true,Online Booking: 6%
https://tangem.com,Consumer Electronics,36603,Tangem Wallet (Crypto & Hardware Wallet),Active,https://tangemag.pxf.io/c/7401119/3025533/36603,true,Online Sale: USD10.00
http://www.inspiration-at.com/,Software,17423,Inspiration Affiliate Programme,Active,https://inspirationaffiliateprogramme.sjv.io/c/7401119/1474461/17423,true,Online Sales: 10%
http://www.tempo.fit/,Sports & Exercise Equipment,11505,Tempo,Active,https://imp.i277339.net/c/7401119/814975/11505,true,Online Sale: 8%-50%
http://termly.io,Legal,10463,Termly ,Active,https://termly.7zqw8y.net/c/7401119/671890/10463,true,"Recurring Subscription: 5%
Initial Subscription: 5%"
https://transkriptor.com,Apps,43973,Transkriptor,Active,https://textintelfze.pxf.io/c/7401119/3330453/43973,true,"Sale Re-subscription: 30%
Sale Subscription: 30%
Lead Signup: USD0.00"
https://bstd.ai,Software,47751,The Bayesian School of Technological Development Ltd [bstd],Active,https://thebayesianschooloftechnologicaldevelopmentltdbstd.sjv.io/c/7401119/3760719/47751,true,Purchase: 20%
http://www.healerlabs.co.uk,Sports Apparel & Accessories,19970,HLabs,Active,https://hlabs.sjv.io/c/7401119/1717808/19970,true,Online Sale: 3%-10%
http://www.thecocooncollection.com/,Accommodations,56500,The Cocoon Collection,Active,https://coc.sjv.io/c/7401119/3995412/56500,true,Online Booking: 5%
http://infinitekind.com,Apps,9402,Moneydance,Active,https://tik.pxf.io/c/7401119/566816/9402,true,Purchase Moneydance: 30%
http://www.theleela.com/,Transportation,28441,The Leela Palaces Hotels & Resorts,Active,https://theleelapalaceshotelsresorts.pxf.io/c/7401119/2208227/28441,true,Online Booking: 5%
https://museumofthefuture.ae/en,Vacations,35902,The Museum of the Future,Active,https://themuseumofthefuture.pxf.io/c/7401119/2992608/35902,true,Online Booking: 5%
http://www.thriftycars4rent.com,Transportation,51104,Thrifty Cars 4 Rent EU,Active,https://thriftycars4renteu.pxf.io/c/7401119/3852250/51104,true,Online Booking: 5%
https://thunderbit.com,Software,47304,Thunderbit,Active,https://thunderbit.pxf.io/c/7401119/3748053/47304,true,"Online Sales: 30%
Sign-up: $0.00"
https://thunderbit.com,Software,50662,THUNDERBIT - Creator,Active,https://thunderbit.pxf.io/c/7401119/3842233/50662,true,"Online Sales: 15%
Gift: $0.00
Creator Post: $0.00
Sign-up: $0.00"
http://tinylandus.com,Games/Toys,19135,Tiny Land,Active,https://tinyland.pxf.io/c/7401119/1648309/19135,true,Online Sale: 5%-12%
http://www.tokendab.com,Food & Drink,17522,Toke n Dab,Active,https://toke-n-dab.pxf.io/c/7401119/1485339/17522,true,Online Sale: 10%
https://www.tp-link.com,Consumer Electronics,53756,TP-Link Deutschland GmbH,Active,https://tplinkdeutschlandgmbh.pxf.io/c/7401119/3922060/53756,true,Online Sale: 7%
http://www.travala.com,Transportation,17543,Travala.com,Active,https://travala.sjv.io/c/7401119/1486860/17543,true,Booking: 4%-5.5%
https://treexy.com,Apps,8272,Treexy,Expired,https://treexy.pxf.io/c/7401119/468653/8272,true,Treexy Online Sale: 25%
https://tribesigns.com/,Bed & Bath,26195,Tribesigns,Active,https://tribesigns.pxf.io/c/7401119/2085494/26195,true,Online Sale: 5%
http://trugrit-fitness.com/,Sports & Exercise Equipment,17133,Tru Grit Fitness,Active,https://trugritfitness.pxf.io/c/7401119/1442992/17133,true,Online Sale: 5%
https://us.tcl.com/,Consumer Electronics,48321,TCL US Affiliate Program,Active,https://ttetechnologyinc.pxf.io/c/7401119/3779813/48321,true,Online Sale: 8%
https://www.readkidz.com/,Software,30284,ReadKidz,Active,https://turingmobihktechnologycolimited.sjv.io/c/7401119/2492434/30284,true,Online Sale: 10%-45%
http://www.tvcmall.com/,B2B,22026,TVCMALL,Active,https://tvcmall.pxf.io/c/7401119/1841783/22026,true,Online Sale: 5%-11%
https://twizzlo.com,B2B,53180,Twizzlo,Active,https://twizzlo.pxf.io/c/7401119/3905607/53180,true,Paid Subscription: 50%
https://udemy.com,Learning,39854,Udemy,Active,https://trk.udemy.com/c/7401119/3193860/39854,true,"Subscriptions: 10%-20%
Course Purchase: 10%
Sign Up: $0.00"
http://ukino-hotels.com/,Accommodations,45743,"Ukino Hotels(EN, PT, DE, ES, FR)",Active,https://ukinohotels.pxf.io/c/7401119/3416118/45743,true,Online Booking: 5%
https://www.ultrahuman.com/,Sports Apparel & Accessories,38784,Ultrahuman Healthcare,Active,https://ultrahumanhealthcare.pxf.io/c/7401119/3114542/38784,true,"Online Sale EU: 7%
Online Sale Global: 7%
Online Sale US: 7%
Online Sale India: 7%"
https://www.ultrahuman.com/,Sports Apparel & Accessories,42406,Ultrahuman Healthcare - Creator,Active,https://ultrahumanhealthcare.pxf.io/c/7401119/3281895/42406,true,"Online Sale EU: 7%
Gift: USD0.00
Creator Post: USD0.00"
https://www.umww.com,Internet Service Provider,50786,rova from stc,Active,https://ummenat.pxf.io/c/7401119/3844214/50786,true,"rova - Android: USD6.00
rova - iOS: USD6.00
rova - Android: 0%
rova - Android: 0%
rova - iOS: 0%
rova - iOS: 0%"
https://m.unice.com,Women's Apparel,15659,nadula,Active,https://nadula.sjv.io/c/7401119/1273329/15659,true,Online Sale: 6%
https://m.unice.com,Women's Apparel,15661,klaiyihair,Active,https://klaiyihair.pxf.io/c/7401119/1273339/15661,true,Online Sale: 7%
https://www.miniolie.com,Women's Apparel,47115,buddhastoneshop,Active,https://buddhastoneshop.sjv.io/c/7401119/3742426/47115,true,Online Sale: 8%-20%
https://www.uperfectmonitor.com,Collectibles & Hobbies,15155,UPERFECT,Active,https://uperfect.sjv.io/c/7401119/1226533/15155,true,Online Sale: 10%
https://www.knowledgehut.com/,Learning,29600,Upgrad Knowledgehut,Active,https://knowledgehut.pxf.io/c/7401119/2327352/29600,true,Online Sale: 10%-50%
http://www.valentinmaya.com,Transportation,40729,Valentin Imperial Riviera Maya ( MX - ES - DE - UK) ,Active,https://valentinimperialrivieramaya.sjv.io/c/7401119/3226071/40729,true,Online Booking: 6%
https://Varvikas.shop,Collectibles & Hobbies,37172,Varvikas,Expired,https://varvikaspolandspzoo.sjv.io/c/7401119/3051056/37172,true,Online Sale: 0%
http://www.ravpower.com,Consumer Electronics,21526,RAVPower,Active,https://zebaoaffiliateprogram.pxf.io/c/7401119/1809767/21526,true,Online Sale: 3%-8%
http://www.ravpower.com,Food & Drink,21553,ParisRhone,Active,https://parisrhonecom.sjv.io/c/7401119/1811170/21553,true,Online Sale: 8%
http://www.ravpower.com,Pet Services,21554,Aspiron,Active,https://aspironcom.sjv.io/c/7401119/1811185/21554,true,Online Sale: 10%
https://www.verdent.ai,Apps,53578,Verdent,Active,https://coderdecktechnologieshklimited.sjv.io/c/7401119/3917596/53578,true,Online Sale: 25%
https://www.veritickets.com/en-US?sqm=veritickets.wa.BTS-0430.1,Tickets & Shows,53753,Veritickets,Active,https://funteepteltd.sjv.io/c/7401119/3921850/53753,true,"Veritickets for iOS: 10%
Veritickets for Android: 10%
Online Sale: 10%
Veritickets for iOS: USD1.00
Veritickets for Android: USD1.00
Sign-Up: USD1.00"
http://www.vevor.com,Parts & Accessories,22815,VEVOR AU,Active,https://vevorau.pxf.io/c/7401119/1905121/22815,true,Online Sale: 5%
http://www.vevor.com,Parts & Accessories,22821,VEVOR EU,Active,https://vevoreu.pxf.io/c/7401119/1905154/22821,true,Online Sale: 5%
https://sider.ai,Apps,28963,Sider,Active,https://vidlineinc.pxf.io/c/7401119/2234186/28963,true,"Online Sale: 5%-10%
Online Download: $0.00
Sign up: $0.00"
http://www.vilagale.com,Accommodations,26071,Vila Gale (GLOBAL),Active,https://vilagale.pxf.io/c/7401119/2078066/26071,true,Online Booking: 6%
http://villadelpalmarloreto.com/,Accommodations,26821,Villa del Palmar Loreto ( US /MX/ CA),Active,https://villadelpalmarloreto.sjv.io/c/7401119/2115145/26821,true,Online Booking: 4%
www.vipcars.com,Transportation,53465,VIP Cars,Active,https://vipcars.sjv.io/c/7401119/3914373/53465,true,Online Sale: 10%-50%
https://viperiumtrading.com,,51448,Viperium LLC-FZ - Creator,Active,https://viperiumllc.pxf.io/c/7401119/3862031/51448,true,"Subscription: EUR10.00
Creator Post: EUR0.00"
https://vistasocial.com,B2B,33456,Vista Social,Active,https://vistasocial.sjv.io/c/7401119/2872681/33456,true,"Sale: 20%
Lead Sign up : $0.00"
http://vivazcataratas.com.br/,Accommodations,45784,Vivaz Cataratas Resort-(BR/PT),Active,https://vivazcataratasresort.pxf.io/c/7401119/3418192/45784,true,Online Booking: 4%
https://voyeglobal.com,Internet Service Provider,25196,Voye Global ,Active,https://voyeglobalconnectivity.pxf.io/c/7401119/2025391/25196,true,New Online Sale: 15%
https://picwish.com/,Apps,35512,PicWish,Active,https://wangxutechnologyhkcolimited.pxf.io/c/7401119/2975463/35512,true,"Android: 30%-40%
IOS: 30%-40%
Online Sales: 30%-40%
Sign-up: USD0.00"
https://picwish.com/,Apps,35829,gitmind.com,Active,https://gitmindcom.sjv.io/c/7401119/2988768/35829,true,"Online Sales: 30%-35%
Sign-up: USD0.00"
http://www.watches2u.com,Women's Apparel,8305,Watches2U,Active,https://watches2u.pxf.io/c/7401119/471879/8305,true,online sale : 1%-2%
http://www.watches2u.com,Women's Apparel,8354,sunglasses2u,Active,https://sunglasses2u.pxf.io/c/7401119/475790/8354,true,sunglasses2u: 1%-2%
http://www.watches2u.com,Women's Apparel,8355,chriselli,Active,https://chriselli.pxf.io/c/7401119/475792/8355,true,chriselli: 1%-2%
http://www.watches2u.com,Jewelry & Watches,13473,Toff London,Active,https://toff-london.sjv.io/c/7401119/1033958/13473,true,Online Sale: 5%
https://wavespeed.ai,Website Hosting,46646,WaveSpeedAI,Active,https://wavespeedai.pxf.io/c/7401119/3726033/46646,true,Deposit: 10%
https://wecreat.com/,Accessories & Peripherals,26691,WECREAT TECH LTD,Active,https://wecreattechltd.pxf.io/c/7401119/2107732/26691,true,Online Sale: 5%
https://wecreat.com/,Consumer Electronics,38430,Wecreat - EU,Active,https://wecreateu.sjv.io/c/7401119/3100697/38430,true,Online Sale: 5%
https://wegic.ai/,Website Hosting,41022,Wegic,Active,https://wegic-ai.pxf.io/c/7401119/3232377/41022,true,Online Sales: 10%-30%
https://www.billionconnect.net/,Apps,44026,Billion Connect,Active,https://weitaigetechnologycolimited.pxf.io/c/7401119/3331478/44026,true,Online Sale: 10%
https://awolvision.com,Consumer Electronics,52659,awolvision.de,Active,https://awolvisionde.sjv.io/c/7401119/3889756/52659,true,Online Sale: 5%
https://awolvision.com,Consumer Electronics,52661,awolvision.fr,Active,https://awolvisionfr.sjv.io/c/7401119/3889761/52661,true,Online Sale: 5%
https://awolvision.com,Consumer Electronics,52664,valerion.de,Active,https://wwwvalerioncomde.pxf.io/c/7401119/3889767/52664,true,Online Sale: 5%
https://awolvision.com,Consumer Electronics,52670,valerion.uk,Active,https://wwwvalerioncomuk.pxf.io/c/7401119/3889851/52670,true,Online Sale: 5%
https://awolvision.com,Consumer Electronics,52671,valerion.us,Active,https://wwwvalerioncom.pxf.io/c/7401119/3889854/52671,true,Online Sale: 5%-7%
http://wildcanyon.com.mx/,Transportation,34958,Wild Canyon Adventures,Active,https://wildcanyonadventures.sjv.io/c/7401119/2949225/34958,true,Online Booking: 4%
https://www.cutout.pro,Apps,36316,www.promeai.pro,Active,https://winroadholdingslimited.pxf.io/c/7401119/3011401/36316,true,Online Sale: 30%
https://www.cutout.pro,Apps,36598,www.cutout.pro,Active,https://cutoutpro.pxf.io/c/7401119/3024927/36598,true,Online Sale: 20%
https://www.cutout.pro,Apps,36599,ideal.house,Active,https://idealhouse.pxf.io/c/7401119/3024929/36599,true,Online Sale: 30%
http://wiskiiactive.com/,Sports Apparel & Accessories,18713,WISKIIACTIVE ,Active,https://wiskiiactive.sjv.io/c/7401119/1611381/18713,true,Online Sale: 10%
https://witme.es,Loans & Financial Services,46711,"Creditio ES, RO, CO",Active,https://creditio.pxf.io/c/7401119/3728047/46711,true,"ES Qualified Lead: EUR21.00
RO Qualified Lead: EUR8.00
CO Qualified Lead: EUR3.00
CO Lead: EUR0.00
RO Lead: EUR0.00
ES Lead: EUR0.00"
https://wizbay.com,Women's Apparel,48743,WIZBAY LTD,Active,https://wizbayltd.sjv.io/c/7401119/3791774/48743,true,"Purchase: 8%
Sign Up: EUR0.00"
http://www.pandaremit.com,Loans & Financial Services,21578,Panda Remit,Active,https://pandaremit.sjv.io/c/7401119/1812536/21578,true,"First Transfer: $20.00
Android: 0%
IOS: 0%
APP SignUP: 0%
Online SignUP: 0%"
https://www.wps.com/,Apps,32335,WPS SOFTWARE PTE.LTD.,Active,https://wpssoftwarepteltd.sjv.io/c/7401119/2808518/32335,true,"Online Subscription: 50%
Windows Download: USD0.20"
https://www.helloice.com/,Jewelry & Watches,26893,Helloice,Active,https://helloicecom.pxf.io/c/7401119/2119038/26893,true,Online Sales: 15%
https://www.comfier.com,,33448,Comfier,Active,https://xiamencomfiertechnologycoltd.sjv.io/c/7401119/2872356/33448,true,Online Sale: 10%
https://www.comfier.com,Spa & Personal Grooming,33550,Snailax,Active,https://comfier.pxf.io/c/7401119/2877153/33550,true,Online Sale: 10%
https://www.xlaserlab.com,Parts & Accessories,40573,Xlaserlab,Active,https://xinghanlaserhongkongcolimited.pxf.io/c/7401119/3219782/40573,true,Online Sale: 5%
https://xmind.com,Apps,44551,Xmind LTD,Active,https://xmindltd.sjv.io/c/7401119/3369010/44551,true,"Online Sale: 25%
Sign-Up: USD0.01"
https://amandahairs.com,Bags & Accessories,51769,geetahair,Active,https://geetahair.sjv.io/c/7401119/3870089/51769,true,Online Sale: 10%
http://yohomobile.com/,Internet Service Provider,21210,yohomobile.com,Active,https://yohomobile.sjv.io/c/7401119/1791234/21210,true,"Android: 10%
IOS: 10%
Online Sale: 10%"
https://www.belffin.com,Furniture & Home Decor,29893,Belffin ,Active,https://yokrithlimited.sjv.io/c/7401119/2391686/29893,true,Online Sale: 6%
http://youparcel.com,Apps,17634,ship7.com,Active,https://ship7com.pxf.io/c/7401119/1495182/17634,true,Purchase Complete: $5.00
http://zendrop.com,Women's Apparel,19190,Zendrop Partner Program,Active,https://zendrop.sjv.io/c/7401119/1653810/19190,true,"Paid Plan Purchase: $25.00
Recurring Subscription: 0%
Online Lead: $0.00"
https://chillsim.net,Mobile Services & Telecommunications,45279,ChillSim,Active,https://chillsim.sjv.io/c/7401119/3398439/45279,true,"Sale Subscription: 20%
Lead Signup: EUR0.00"
https://zenxvape.com,Consumer Electronics,54951,Lemorele,Active,https://lemorele.sjv.io/c/7401119/3958018/54951,true,Online Sale: 10%
https://zereanlabs.com,Diet & Nutrition,47303,Zerean Limited,Active,https://zereanlimited.pxf.io/c/7401119/3747848/47303,true,Online Sale: 15%
https://www.zerobounce.net,B2B,31392,ZeroBounce,Active,https://aff.zerobounce.net/c/7401119/2742002/31392,true,"Purchase: 5%-18%
Account Creation: $0.00"
https://www.airzlink.com,Accessories & Services,47959,AirZlink eSIM Store,Active,https://zhonglianhongkonglimited.sjv.io/c/7401119/3766378/47959,true,Online Sale: 15%
https://www.zunsport.com,Parts & Accessories,29608,Zunsport,Active,https://zunsport.pxf.io/c/7401119/2328972/29608,true,Online Sale: 8%
https://kailasgear.com,Sports Apparel & Accessories,49420,kailas,Active,https://go.pxf.io/c/7401119/3809280/49420,true,Online Sale: 8%
https://autofull.com,,32662,Autofull Gaming Chair,Active,https://go.sjv.io/c/7401119/2829774/32662,true,Online Sale: 5%
https://www.mscompanyltd.jp/,Food & Drink,41558,SEN,Active,https://senparis.pxf.io/c/7401119/3258614/41558,true,購入完了: 20%
https://ekrcover.com,Parts & Accessories,45354,EKR - US,Active,https://ekrcoverus.sjv.io/c/7401119/3402682/45354,true,OnlineSale: 4%
https://www.yilitehair.com,Cosmetics & Skin Care,36246,许昌市永传发制品有限公司,Active,https://go.pxf.io/c/7401119/3008634/36246,true,Online Sale: 7%
https://www.damiensaber.com/,,36934,lightsaber.com,Active,https://lightsabercom.sjv.io/c/7401119/3040409/36934,true,Online Sale: 5%
https://www.thordata.com,B2B,39618,Thordata Global Residential Proxy,Active,https://go.pxf.io/c/7401119/3148603/39618,true,Online Sale: 5%-50%
