ID,Name,Campaign Id,Products,Last Upload
4639,IN-Lenovo,9634,2411,"Aug 9, 2026",
6016,country-catalog-us,4482,21,"Apr 7, 2025",
7163,CommissionRate from 0 to 4%,12108,360429,"Aug 8, 2026",
7183,4%≤CommissionRate<6%,12108,361493,"Aug 8, 2026",
7184,6%≤CommissionRate<8%,12108,361644,"Aug 8, 2026",
7186,10%≤CommissionRate<12%,12108,190231,"Aug 8, 2026",
7187,12%≤CommissionRate<15%,12108,47526,"Aug 8, 2026",
7188,15%≤CommissionRate≤22%,12108,26343,"Aug 8, 2026",
8028,geekbuying us-en-usd,13004,237,"Aug 9, 2026",
8029,geekbuying ie-en-eur.xml,13004,995,"Aug 9, 2026",
8030,geekbuying de-de-eur.xml,13004,1073,"Aug 9, 2026",
8049,geekbuying fr-fr-eur.xml ,13004,1073,"Aug 9, 2026",
8050,geekbuying gb-en-gbp.xml ,13004,43,"Aug 9, 2026",
8051,geekbuying es-es-eur.xml,13004,1073,"Aug 9, 2026",
8052,geekbuying hu-hu-huf.xml,13004,1073,"Aug 9, 2026",
8053,geekbuying pt-pt-eur.xml,13004,1048,"Aug 9, 2026",
8054,geekbuying sk-sk-eur.xml,13004,1074,"Aug 9, 2026",
8088,geekbuying sg-en-sgd.xml,13004,1,"Mar 27, 2026",
8089,geekbuying my-en-myr.xml,13004,1,"Mar 27, 2026",
8090,geekbuying id-en-idr.xml,13004,1,"Mar 6, 2025",
8091,geekbuying ph-en-php.xml,13004,1904,"Mar 31, 2022",
8102,geekbuying au-en-aud.xml,13004,2,"Aug 9, 2026",
8136,geekbuying at-de-eur.xml,13004,1073,"Aug 9, 2026",
8137,geekbuying be-en-eur.xml,13004,1074,"Aug 9, 2026",
8138,geekbuying ca-en-cad.xml,13004,1,"Aug 5, 2026",
8139,geekbuying cz-cs-czk.xml,13004,1074,"Aug 9, 2026",
8140,geekbuying dk-da-dkk.xml,13004,1046,"Aug 9, 2026",
8141,geekbuying fi-en-eur.xml,13004,1041,"Aug 9, 2026",
8142,geekbuying gr-en-eur.xml,13004,1073,"Aug 9, 2026",
8143,geekbuying nl-nl-eur.xml,13004,1073,"Aug 9, 2026",
8144,geekbuying no-no-nok.xml,13004,1,"Jul 2, 2026",
8145,geekbuying pl-pl-pln.xml,13004,1070,"Aug 9, 2026",
8609,OnePlus FR Product feed new,14044,57,"Dec 18, 2025",
8897,DataFeedWatch UK,14325,914,"Aug 9, 2026",
8898,DataFeedWatch US,14325,666,"Aug 9, 2026",
10092,IOA Feed,12764,198,"Mar 24, 2023",
10878,Product feed,16873,15353,"Aug 9, 2026",
11586,Fofana,18091,9,"Aug 9, 2026",
11590,Happy Sinks EU,18086,80,"Aug 9, 2026",
11662,Bitdefender-NL-Catalog,4466,5,"Jan 19, 2023",
11708,INDO Tricks Scooter,18088,83,"Aug 9, 2026",
11719,Striking Viking,18360,181,"Aug 9, 2026",
11720,Big Bat Box,18359,23,"Aug 9, 2026",
11727,Penchant for Pleasure,18358,10,"Aug 9, 2026",
11814,Pure Scentum,18531,3,"Aug 9, 2026",
11815,Heino Supplies,18532,7,"Apr 30, 2025",
11816,Ontaki,18533,55,"Aug 9, 2026",
11817,Asebbo,18534,9,"Aug 9, 2026",
11818,Byre Group,18535,18,"Aug 9, 2026",
11819,Hana Emi,18536,9,"Aug 9, 2026",
11843,Impact_US_2024,12362,12505,"May 29, 2024",
11921,Baby Deep Sleep,18660,107,"Aug 9, 2026",
11925,GAFLY,18664,11,"Aug 9, 2026",
13277,Healer Labs London,19970,228,"Aug 9, 2026",
13575,Imported Shopify Catalog,20529,2285,"Aug 9, 2026",
13834,Makari De Suisse Product Catalog,20749,123,"Aug 9, 2026",
14442,Product Catalog of eufy.ca,18024,187,"Oct 16, 2023",
15224,Impact AU 2024,12362,9259,"May 29, 2024",
15471,Eufy_Nl.csv,18024,336,"Aug 9, 2026",
15506,Airalo Product Catalog,15608,3177,"Aug 9, 2026",
15528,Impact_UK_2024,12362,9200,"May 29, 2024",
15529,Impact DE 2024,12362,9200,"May 29, 2024",
15642,eSIM4Travel Products Catalog,22726,2099,"Jul 31, 2026",
16348,Baby Sunnies Product Catalog,24279,48,"Aug 9, 2026",
16349,Charlemange Product Catalog,24278,72,"Aug 9, 2026",
16350,Lux Product Catalog,24275,80,"Aug 9, 2026",
16376,Angles90,24273,36,"Aug 9, 2026",
16377,Angles90 Asia,24273,20,"Dec 4, 2024",
16378,Angles90 Europe,24273,25,"Jun 3, 2025",
16379,Open Goaaal USA,24272,147,"Aug 9, 2026",
16380,Open Goaaal Product Catalog,24272,95,"Aug 9, 2026",
16401,nadula impact feed,15659,332,"Jul 20, 2026",
16430,OG USA catalogue,24272,32,"Aug 9, 2026",
16432,OG EU catalogue,24272,5,"Apr 30, 2025",
16710,Imported Shopify Catalog,24670,2363,"Aug 9, 2026",
16997,IP Feed,12362,2742,"May 13, 2024",
17063,Tiny Land,19135,306,"Aug 9, 2026",
17474,CA Product Feeds,22026,163355,"May 3, 2026",
17475,Product Feeds DE,22026,147955,"May 13, 2026",
17476,Product Feeds ES,22026,147955,"Aug 9, 2026",
17477,Product Feeds FR,22026,147955,"Aug 9, 2026",
17478,Product Feeds GB,22026,147955,"Aug 9, 2026",
17479,Product Feeds IT,22026,147955,"Aug 9, 2026",
17783,Shopify API,25863,223,"Aug 9, 2026",
17827,Impact feed new,15661,91,"Jun 24, 2024",
17948,EU_ProductCatalog_English,25863,26,"Jul 1, 2024",
17950,EU_ProductCatalog_French,25863,28,"Aug 28, 2024",
18066,Imported Shopify Catalog,26283,182728,"Aug 9, 2026",
18153,Imported Shopify Catalog,26398,14,"Dec 12, 2025",
18155,Imported Shopify Catalog,26400,174,"Aug 9, 2026",
18221,Product for impact 202401719,26195,5215,"Aug 9, 2026",
18558,Imported Shopify Catalog,26834,151,"Aug 9, 2026",
18894,KOSPET GL Store,27123,110,"Jun 19, 2025",
18931,Imported Shopify Catalog,27006,4511,"Aug 9, 2026",
18990,EN_AUD_V2,25375,115,"Apr 9, 2025",
18991,EN_CAD_V2,25375,115,"Apr 9, 2025",
18992,EN_CNY_V2,25375,115,"Apr 9, 2025",
18993,EN_EUR_V2,25375,115,"Apr 9, 2025",
18994,EN_GBP_V2,25375,115,"Apr 9, 2025",
18995,EN_JPY_V2,25375,115,"Apr 9, 2025",
18996,EN_KRW_V2,25375,115,"Apr 9, 2025",
18997,EN_RUB_V2,25375,115,"Apr 9, 2025",
18998,EN_USD_V2,25375,103,"Aug 27, 2025",
19058,esim product catelog,27320,2205,"Aug 9, 2026",
19090,Helloice - US (USD),26893,5678,"Jul 31, 2026",
19093,VEVOR-AU Feed,22815,3352,"Aug 9, 2026",
19446,Imported Shopify Catalog,27583,166,"Aug 9, 2026",
19612,Alpine DE,27754,13077,"Jul 29, 2026",
19616,Imported Shopify Catalog,27846,1185,"Aug 9, 2026",
19738,HohemProductFeed,23003,63,"Aug 9, 2026",
19804,KOSPET US Store,27123,149,"Aug 9, 2026",
19855,KOSPET UK Store,27123,146,"Aug 9, 2026",
19856,KOSPET EU Store,27123,166,"Aug 9, 2026",
19898,klaiyi1023_feed.txt,15661,30,"Oct 25, 2024",
19899,nadula1024_feed.txt,15659,295,"Nov 17, 2025",
20114,Imported Shopify Catalog,28321,115,"Aug 9, 2026",
20389,Imported Shopify Catalog,28771,145,"Aug 9, 2026",
20425,Imported Shopify Catalog,28783,242151,"Aug 9, 2026",
20927,Zunsport,29608,3752,"Aug 9, 2026",
21782,Maxi-Cosi Product Catalog (US),23708,306,"Aug 9, 2026",
21940,upGrad Knowledgehut,29600,8,"Feb 19, 2025",
22361,Imported Shopify Catalog,32511,7274,"Aug 9, 2026",
22476,Imported Shopify Catalog,32616,758,"Aug 9, 2026",
22605,Imported Shopify Catalog,32651,260,"Aug 9, 2026",
22716,Imported Shopify Catalog,33113,18323,"Aug 9, 2026",
22738,Imported Shopify Catalog,32890,13,"Aug 9, 2026",
22782,Imported Shopify Catalog,32662,163,"Aug 9, 2026",
22824,Imported Shopify Catalog,33100,201,"Aug 9, 2026",
22963,Imported Shopify Catalog,32481,227,"Aug 9, 2026",
22970,Imported Shopify Catalog,33448,400,"Aug 9, 2026",
23002,Test-catalog,21171,3,"Apr 11, 2025",
23030,Imported Shopify Catalog,33550,187,"Aug 9, 2026",
23046,Catalog_french (Français),33612,411,"Aug 9, 2026",
23101,wecreat us,26691,155,"Aug 9, 2026",
23175,Imported Shopify Catalog,33699,197559,"Jul 16, 2025",
23231,Imported Shopify Catalog,33479,4147,"Aug 9, 2026",
23253,EN_SGD_V2,25375,115,"Apr 9, 2025",
23254,EN_AED_V2,25375,115,"Apr 9, 2025",
23255,EN_CHF_V2,25375,115,"Apr 9, 2025",
23256,EN_HKD_V2,25375,115,"Apr 9, 2025",
23445,Imported Shopify Catalog,34200,398,"Aug 9, 2026",
23854,Imported Shopify Catalog,32512,7671,"Aug 9, 2026",
23884,TuneFab,34054,78,"Jun 18, 2026",
24460,Imported Shopify Catalog,36253,106778,"Aug 9, 2026",
25023,International SIM Products,37373,3164,"Jun 30, 2025",
25245,Flashforge product catalog（US),38200,224,"Aug 9, 2026",
25271,Imported Shopify Catalog,38430,32,"Aug 9, 2026",
25338,G4free umbrella,33113,30,"Aug 9, 2026",
25339,G4free Backpacks & Bags,33113,122,"Aug 9, 2026",
25340,G4free Activewear Tops,33113,75,"Jul 22, 2026",
25342,G4free Activewear Maternity,33113,37,"Aug 9, 2026",
25343,4free Activewear Pants,33113,173,"Aug 9, 2026",
25344,G4free Activewear Shorts,33113,46,"Jul 22, 2026",
25345,Skirt,33113,25,"Aug 9, 2026",
25364,France,28240,37,"Aug 9, 2026",
25426,eSIM,38561,237,"Aug 9, 2026",
25480,Imported Shopify Catalog,38928,638,"Aug 9, 2026",
25505,nadulaGBP_feed.txt,15659,333,"Jul 20, 2026",
25653,Europe,28240,40,"Aug 9, 2026",
25654,Espana,28240,28,"Aug 9, 2026",
25655,Italia,28240,142,"Aug 9, 2026",
25778,Flashforge product catalog（CA),38200,149,"Aug 9, 2026",
25780,Flashforge product catalog (AU),38200,122,"Aug 9, 2026",
25803,Flashforge product catalog（UK),38200,152,"Aug 9, 2026",
25804,Flashforge product catalog（EU),38200,172,"Aug 9, 2026",
25806,Flashforge product catalog（Asia),38200,30,"Aug 9, 2026",
25939,Germany,28240,29,"Aug 9, 2026",
25953,Imported Shopify Catalog,36934,208,"Aug 9, 2026",
26048,Imported Shopify Catalog,39753,249,"Aug 9, 2026",
26107,Imported Shopify Catalog,40336,168,"Aug 9, 2026",
26243,Imported Shopify Catalog,40573,257,"Aug 9, 2026",
26244,Imported Shopify Catalog,40573,257,"Aug 9, 2026",
26324,Udemy Catalog,39854,311963,"Aug 5, 2026",
26425,Imported Shopify Catalog,40711,40,"Aug 9, 2026",
26474,Imported Shopify Catalog,41025,485,"Aug 9, 2026",
26494,Imported Shopify Catalog,41066,344,"Aug 9, 2026",
26649,OPPO FR Product Feed,38995,35,"Sep 4, 2025",
26650,OPPO ES Product Feed,38996,39,"Sep 4, 2025",
26668,Airhub eSIM product Catalog,21179,190,"Dec 9, 2025",
26676,Imported Shopify Catalog,12362,19877,"Aug 9, 2026",
26698,Catalog_Italiano (Italian),33612,411,"Aug 9, 2026",
26699,Catalog_English (EURO),33612,411,"Aug 9, 2026",
26700,Catalog_German (Deutsch),33612,411,"Aug 9, 2026",
26701,Catalog_Português PT (Portuguese),33612,411,"Aug 9, 2026",
26702,Catalog_Română (Romanian),33612,411,"Aug 9, 2026",
26703,Catalog_Español (Spanish),33612,411,"Aug 9, 2026",
26704,Catalog_Polski (Polish),33612,411,"Aug 9, 2026",
26705,Catalog_Dansk (Danish),33612,411,"Aug 9, 2026",
26706,Catalog_Norwegian,33612,411,"Aug 9, 2026",
26707,Catalog_Ukrainian,33612,411,"Aug 9, 2026",
26708,Catalog_Greek,33612,411,"Aug 9, 2026",
26709,Catalog_Swedish,33612,411,"Aug 9, 2026",
26710,Catalog_Albanian,33612,411,"Aug 9, 2026",
26711,Catalog_Croatian,33612,411,"Aug 9, 2026",
26712,Catalog_Czech,33612,411,"Aug 9, 2026",
26713,Catalog_Hungarian,33612,411,"Aug 9, 2026",
26714,Catalog_Finnish,33612,411,"Aug 9, 2026",
26716,Catalog_Bulgarian,33612,411,"Aug 9, 2026",
26726,Catalog_Switzerland (CHF),33612,411,"Aug 9, 2026",
26819,OPPO Reno14 ES Product Feed,38996,8,"Sep 8, 2025",
26842,EuroOptic Full Catalog ,35464,172842,"Aug 9, 2026",
27096,pard-eu,35144,64,"Aug 9, 2026",
27124,pard-global,35144,61,"Aug 9, 2026",
27125,pard-uk,35144,52,"Aug 9, 2026",
27126,pard-us,35144,41,"Aug 9, 2026",
27149,wooeye contact lenses,41189,3343,"Aug 9, 2026",
27151,Imported Shopify Catalog,42158,426,"Aug 9, 2026",
27497,"Best Seller, On Sale ",33423,51,"Aug 9, 2026",
27725,Helloice - UK (GBP),26893,3047,"Jul 31, 2026",
27738,Mbito.app,42806,8,"Aug 9, 2026",
27786,Imported Shopify Catalog,43473,240,"Aug 9, 2026",
27815,Helloice - FR (EUR),26893,2822,"Jul 31, 2026",
28082,Imported Shopify Catalog,43898,2314,"Aug 9, 2026",
28105,Imported Shopify Catalog,44202,897,"Aug 9, 2026",
28106,Imported Shopify Catalog,44202,897,"Aug 9, 2026",
28325,Imported Shopify Catalog,42778,2126,"Aug 9, 2026",
28523,Imported Shopify Catalog,44766,3565,"Aug 9, 2026",
28524,Imported Shopify Catalog,44766,3565,"Aug 9, 2026",
28532,Imported Shopify Catalog,44724,1886,"Aug 9, 2026",
28542,Best Sellers,33113,4017,"Aug 9, 2026",
28543,Fall & Winter,33113,2435,"Aug 9, 2026",
28555,GPB 2nd ,41066,10,"Aug 9, 2026",
28565,Germany 4th,41066,10,"Aug 9, 2026",
28617,Imported Shopify Catalog,44481,486,"Jul 6, 2026",
28729,Bleequp products,42783,42,"Aug 9, 2026",
28791,Imported Shopify Catalog,45081,4278,"Aug 9, 2026",
28834,Imported Shopify Catalog,44745,8260,"Aug 9, 2026",
28953,Imported Shopify Catalog,44973,13891,"Aug 9, 2026",
29087,USA,34963,18736,"Aug 9, 2026",
29089,uk,34963,18736,"Aug 9, 2026",
29091,GERMANY,34963,18736,"Aug 9, 2026",
29296,Imported Shopify Catalog,45783,267,"Aug 9, 2026",
29692,Tangem Wallet Product Catalog,36603,18,"Dec 12, 2025",
29785,Imported Shopify Catalog,44974,480,"Aug 9, 2026",
29878,Imported Shopify Catalog,46802,6548,"Aug 9, 2026",
29879,Imported Shopify Catalog,46802,6548,"Aug 9, 2026",
29881,esim,34279,1400,"Aug 9, 2026",
29956,Promeed Product Category,46700,970,"Aug 9, 2026",
29966,Mens Wear,33113,308,"Jul 23, 2026",
30006,ChillSim Product Catalog,45279,1071,"Aug 8, 2026",
30019,Imported Shopify Catalog,46806,4166,"Aug 9, 2026",
30028,Imported Shopify Catalog,46805,3861,"Aug 9, 2026",
30064,Imported Shopify Catalog,47146,2696,"Aug 9, 2026",
30226,Imported Shopify Catalog,47303,10,"Aug 9, 2026",
30232,Imported Amazon Catalog,37610,993,"Aug 9, 2026",
30333,Imported Shopify Catalog,47550,203,"Aug 9, 2026",
30403,AT de small,41671,300000,"Aug 9, 2026",
30405,BE fr small,41671,300000,"Aug 9, 2026",
30406,BE nl small,41671,300000,"Aug 9, 2026",
30407,CH de small,41671,300000,"Aug 9, 2026",
30408,CH fr small,41671,300000,"Aug 9, 2026",
30410,CZ cs small,41671,300000,"Aug 9, 2026",
30411,DE de small,41671,300000,"Aug 9, 2026",
30414,ES es small,41671,300000,"Aug 9, 2026",
30416,GB en small,41671,300000,"Aug 9, 2026",
30417,FR fr small,41671,300000,"Aug 9, 2026",
30420,HU hu small,41671,300000,"Aug 9, 2026",
30421,IE en small,41671,300000,"Aug 9, 2026",
30423,IT it small,41671,300000,"Aug 9, 2026",
30429,NL nl small,41671,300000,"Aug 9, 2026",
30430,NO nb small,41671,300000,"Aug 9, 2026",
30431,PL pl small,41671,300000,"Aug 9, 2026",
30432,PT pt small,41671,300000,"Aug 9, 2026",
30433,RO ro small,41671,299996,"Aug 9, 2026",
30434,SE sv small,41671,300000,"Aug 9, 2026",
30435,SK sk small,41671,300000,"Aug 9, 2026",
30437,AT de medium,41671,1000000,"Aug 9, 2026",
30438,AT de big 1,41671,1000424,"Aug 9, 2026",
30439,AT de big 2,41671,1000094,"Aug 9, 2026",
30440,AT de big 3,41671,1000341,"Aug 9, 2026",
30441,AT de big 4,41671,998620,"Aug 9, 2026",
30442,AT de big 5,41671,1000517,"Aug 9, 2026",
30461,Imported Shopify Catalog,47696,530,"Aug 9, 2026",
30462,Imported Shopify Catalog,47696,530,"Aug 9, 2026",
30533,Imported Shopify Catalog,47785,100,"Aug 9, 2026",
30560,Imported Shopify Catalog,47961,1607,"Aug 9, 2026",
30569,BE fr medium ,41671,999999,"Aug 9, 2026",
30571,BE fr big 1,41671,999262,"Aug 9, 2026",
30573,BE fr big 2,41671,999536,"Aug 9, 2026",
30574,BE fr big 3,41671,1000551,"Aug 9, 2026",
30575,BE fr big 4,41671,1000454,"Aug 9, 2026",
30576,BE fr big 5,41671,1000192,"Aug 9, 2026",
30577,BE nl medium,41671,999999,"Aug 9, 2026",
30578,CH de medium,41671,999999,"Aug 9, 2026",
30581,CH fr medium,41671,999999,"Aug 9, 2026",
30583,CZ cs medium,41671,999999,"Aug 9, 2026",
30584,DE de medium,41671,1000000,"Aug 9, 2026",
30586,ES es medium,41671,1000000,"Aug 9, 2026",
30588,FR fr medium,41671,1000000,"Aug 9, 2026",
30589,GB en medium,41671,1000000,"Aug 9, 2026",
30593,HU hu medium,41671,1000000,"Aug 9, 2026",
30594,IE en medium,41671,999999,"Aug 9, 2026",
30596,IT it medium,41671,1000000,"Aug 9, 2026",
30602,NL nl medium,41671,999999,"Aug 9, 2026",
30604,NO nb medium,41671,999999,"Aug 9, 2026",
30605,PL pl medium,41671,1000000,"Aug 9, 2026",
30606,PT pt medium,41671,1000000,"Aug 9, 2026",
30607,RO ro medium,41671,999992,"Aug 9, 2026",
30608,SE sv medium,41671,1000000,"Aug 9, 2026",
30609,SK sk medium,41671,1000000,"Aug 9, 2026",
30617,BE nl big 1,41671,999262,"Aug 9, 2026",
30619,BE nl big 2,41671,999536,"Aug 9, 2026",
30620,BE nl big 3,41671,1000551,"Aug 9, 2026",
30621,BE nl big 4,41671,1000454,"Aug 9, 2026",
30623,BE nl big 5,41671,1000192,"Aug 9, 2026",
30628,CH de big 1,41671,1001449,"Aug 9, 2026",
30629,CH de big 2,41671,999042,"Aug 9, 2026",
30630,CH de big 3,41671,1000324,"Aug 9, 2026",
30632,CH de big 4,41671,999348,"Aug 9, 2026",
30633,CH de big 5,41671,999833,"Aug 9, 2026",
30634,CH fr big 1,41671,1001449,"Aug 9, 2026",
30667,CH fr big 2,41671,999042,"Aug 9, 2026",
30668,CH fr big 3,41671,1000324,"Aug 9, 2026",
30669,CH fr big 4,41671,999348,"Aug 9, 2026",
30670,CH fr big 5,41671,999833,"Aug 9, 2026",
30676,CZ cs big 1,41671,1000999,"Aug 9, 2026",
30677,CZ cs big 2,41671,1000307,"Aug 9, 2026",
30678,CZ cs big 3,41671,999626,"Aug 9, 2026",
30679,CZ cs big 4,41671,999986,"Aug 9, 2026",
30680,CZ cs big 5,41671,999078,"Aug 9, 2026",
30681,DE de big 1,41671,1000369,"Aug 9, 2026",
30682,DE de big 2,41671,999881,"Aug 9, 2026",
30683,DE de big 3,41671,1000107,"Aug 9, 2026",
30684,DE de big 4,41671,999278,"Aug 9, 2026",
30685,DE de big 5,41671,1000363,"Aug 9, 2026",
30687,ES es big 1,41671,1000199,"Aug 9, 2026",
30693,ES es big 2,41671,1000334,"Aug 9, 2026",
30694,ES es big 3,41671,1000341,"Aug 9, 2026",
30695,ES es big 4,41671,998755,"Aug 9, 2026",
30696,ES es big 5,41671,1000367,"Aug 9, 2026",
30697,FR fr big 1,41671,1000547,"Aug 9, 2026",
30698,FR fr big 2,41671,999503,"Aug 9, 2026",
30699,FR fr big 3,41671,1000156,"Aug 9, 2026",
30700,FR fr big 4,41671,999467,"Aug 9, 2026",
30701,FR fr big 5,41671,1000326,"Aug 9, 2026",
30702,GB en big 1,41671,1001014,"Aug 9, 2026",
30703,GB en big 2,41671,999593,"Aug 9, 2026",
30704,GB en big 3,41671,999441,"Aug 9, 2026",
30705,GB en big 4,41671,1000395,"Aug 9, 2026",
30706,GB en big 5,41671,999555,"Aug 9, 2026",
30707,IT it big 1,41671,1000281,"Aug 9, 2026",
30708,IT it big 2,41671,1000125,"Aug 9, 2026",
30709,IT it big 3,41671,1000719,"Aug 9, 2026",
30710,IT it big 4,41671,998404,"Aug 9, 2026",
30711,IT it big 5,41671,1000468,"Aug 9, 2026",
30712,NL nl big 1,41671,998989,"Aug 9, 2026",
30713,NL nl big 2,41671,999596,"Aug 9, 2026",
30714,NL nl big 3,41671,1001431,"Aug 9, 2026",
30715,NL nl big 4,41671,1000469,"Aug 9, 2026",
30716,NL nl big 5,41671,999512,"Aug 9, 2026",
30717,NO nb big 1,41671,1000169,"Aug 9, 2026",
30718,NO nb big 2,41671,998953,"Aug 9, 2026",
30719,NO nb big 3,41671,1000150,"Aug 9, 2026",
30720,NO nb big 4,41671,999227,"Aug 9, 2026",
30721,NO nb big 5,41671,1001498,"Aug 9, 2026",
30722,PL pl big 1,41671,1000780,"Aug 9, 2026",
30723,PL pl big 2,41671,998714,"Aug 9, 2026",
30724,PL pl big 3,41671,1000361,"Aug 9, 2026",
30725,PL pl big 4,41671,1000471,"Aug 9, 2026",
30726,PL pl big 5,41671,999673,"Aug 9, 2026",
30727,SE sv big 1,41671,999385,"Aug 9, 2026",
30728,SE sv big 2,41671,999818,"Aug 9, 2026",
30729,SE sv big 3,41671,999542,"Aug 9, 2026",
30730,SE sv big 4,41671,999368,"Aug 9, 2026",
30731,SE sv big 5,41671,1001885,"Aug 9, 2026",
30732,SK sk big 1 ,41671,999933,"Aug 9, 2026",
30733,SK sk big 2,41671,1000025,"Aug 9, 2026",
30734,SK sk big 3,41671,999719,"Aug 9, 2026",
30735,SK sk big 4,41671,999310,"Aug 9, 2026",
30736,SK sk big 5,41671,1001010,"Aug 9, 2026",
30756,HU hu big 1,41671,999770,"Aug 9, 2026",
30757,HU hu big 2,41671,997857,"Aug 9, 2026",
30758,HU hu big 3,41671,1001021,"Aug 9, 2026",
30759,HU hu big 4,41671,999720,"Aug 9, 2026",
30761,HU hu big 5,41671,1001629,"Aug 9, 2026",
30762,IE en big 1,41671,1001127,"Aug 9, 2026",
30763,IE en big 2,41671,999384,"Aug 9, 2026",
30764,IE en big 3,41671,999917,"Aug 9, 2026",
30765,IE en big 4,41671,999882,"Aug 9, 2026",
30766,IE en big 5,41671,999686,"Aug 9, 2026",
30800,PT pt big 1,41671,999955,"Aug 9, 2026",
30801,PT pt big 2,41671,1000270,"Aug 9, 2026",
30802,PT pt big 3,41671,1000898,"Aug 9, 2026",
30803,PT pt big 4,41671,999363,"Aug 9, 2026",
30804,PT pt big 5,41671,999511,"Aug 9, 2026",
30805,RO ro big 1,41671,999760,"Aug 9, 2026",
30806,RO ro big 2,41671,999438,"Aug 9, 2026",
30807,RO ro big 3,41671,1000851,"Aug 9, 2026",
30808,RO ro big 4,41671,998928,"Aug 9, 2026",
30809,RO ro big 5,41671,1000932,"Aug 9, 2026",
30914,Imported Shopify Catalog,48095,14667,"Aug 9, 2026",
30933,Imported Shopify Catalog,48215,19011,"Aug 9, 2026",
30936,Imported Shopify Catalog,48002,218475,"Aug 9, 2026",
30979,Imported Shopify Catalog,48320,5512,"Aug 9, 2026",
31011,RO Catalog,39935,242,"Aug 9, 2026",
31043,Imported Shopify Catalog,47115,105168,"Aug 9, 2026",
31057,FR Product Catalog (All Partners),25696,10,"Aug 9, 2026",
31107,DE Product Feed (All Partners),25696,10,"Aug 9, 2026",
31108,AT Product Feed (All Partners),25696,10,"Aug 9, 2026",
31109,IT Product Feed (All Partners),25696,10,"Aug 9, 2026",
31110,ES Product Feed (All Partners),25696,10,"Aug 9, 2026",
31111,IE Product Feed (All Partners),25696,10,"Aug 9, 2026",
31306,Imported Amazon Catalog,45738,1,"Feb 19, 2026",
31333,Mulerun Subscription Plans,44028,5,"Feb 20, 2026",
31477,Imported Shopify Catalog,48882,10224,"Aug 9, 2026",
31502,Imported Shopify Catalog,48321,438,"Aug 9, 2026",
31695,Nl Product Feed,20686,249,"Aug 9, 2026",
31696,Imported Shopify Catalog,49420,3821,"Aug 9, 2026",
31764,Imported Amazon Catalog,49590,78,"Aug 9, 2026",
31768,Alpine PL,27754,13653,"Aug 9, 2026",
31769,Alpine Rest of Europe,27754,13890,"Aug 9, 2026",
31771,Alpine AT,27754,13080,"Jul 29, 2026",
31772,Alpine BE (FR),27754,13077,"Jul 29, 2026",
31773,Alpine BE (NL),27754,13597,"Aug 9, 2026",
31774,Alpine FR,27754,13077,"Jul 29, 2026",
31776,Alpine IT,27754,13077,"Jul 29, 2026",
31777,Alpine NL,27754,13080,"Jul 29, 2026",
31778,Alpine UK,27754,13121,"Jul 29, 2026",
31779,Alpine ES,27754,13052,"Jul 23, 2026",
31840,Gameseal Feed ENG/EUR,42332,73243,"Aug 9, 2026",
31852,Imported Shopify Catalog,49879,393,"Aug 9, 2026",
31860,Imported Shopify Catalog,49920,3127,"Aug 9, 2026",
31985,Imported Shopify Catalog,49942,325,"Aug 9, 2026",
31986,Imported Shopify Catalog,49942,325,"Aug 9, 2026",
31991,Imported Shopify Catalog,50060,9886,"Aug 9, 2026",
32013,Imported Shopify Catalog,50200,147,"Aug 9, 2026",
32038,Imported Shopify Catalog,50036,448,"Aug 9, 2026",
32083,Imported Shopify Catalog,50041,161,"Aug 9, 2026",
32088,X-Sense German Product Feed | Import from shopify,39753,280,"Aug 9, 2026",
32089,X-Sense FR Product Feed | import from shopify,39753,154,"Aug 9, 2026",
32091,UK X-Sense Product Feed| import from shopify,39753,190,"Aug 9, 2026",
32221,Imported Shopify Catalog,49142,213,"Aug 9, 2026",
32235,Helloice - DE (EUR),26893,1585,"Jul 31, 2026",
32390,Imported Shopify Catalog,49141,293,"Aug 9, 2026",
32627,CVLIFE-USD-products-2026.6.csv,24051,327,"Jul 3, 2026",
32676,Imported Shopify Catalog,49652,14667,"Aug 9, 2026",
32677,Imported Shopify Catalog,49652,14667,"Aug 9, 2026",
32688,Imported Shopify Catalog,51250,7426,"Aug 9, 2026",
32689,Imported Shopify Catalog,51251,3318,"Aug 9, 2026",
32690,Imported Shopify Catalog,51252,4463,"Aug 9, 2026",
32691,Capelin Catalogue - USD,47961,1317,"Aug 9, 2026",
32907,Lumibricks_Shopify_Feed,17189,624,"Aug 9, 2026",
33008,Imported Shopify Catalog,51769,12496,"Aug 9, 2026",
33165,Imported Shopify Catalog,51925,1387,"Aug 9, 2026",
33537,Imported Shopify Catalog,52695,226,"Aug 9, 2026",
33639,Imported Shopify Catalog,52659,357,"Aug 9, 2026",
33640,Imported Shopify Catalog,52659,357,"Aug 9, 2026",
33673,Imported Shopify Catalog,52929,848,"Aug 9, 2026",
33782,Sidi EU/ENG,50060,9059,"Aug 9, 2026",
33783,Sidi UK/GBP,50060,9059,"Aug 9, 2026",
33784,Sidi US/USD,50060,9059,"Aug 9, 2026",
33785,Sidi CA/CAD,50060,9059,"Aug 9, 2026",
33786,Sidi IT/EUR,50060,9059,"Aug 9, 2026",
33797,Imported Shopify Catalog,53066,437820,"Aug 9, 2026",
33812,Imported Shopify Catalog,52661,54,"Aug 9, 2026",
33813,Imported Shopify Catalog,52661,54,"Aug 9, 2026",
33814,Imported Shopify Catalog,53052,22147,"Aug 9, 2026",
33842,Imported Shopify Catalog,53088,7171,"Aug 9, 2026",
33936,Imported Shopify Catalog,52671,547,"Aug 9, 2026",
33938,Imported Shopify Catalog,52965,198,"Aug 9, 2026",
33939,Imported Shopify Catalog,52670,286,"Aug 9, 2026",
33940,Imported Shopify Catalog,52670,286,"Aug 9, 2026",
33942,Imported Shopify Catalog,51732,62,"Aug 9, 2026",
33943,Imported Shopify Catalog,52664,355,"Aug 9, 2026",
33944,Imported Shopify Catalog,52664,355,"Aug 9, 2026",
34005,Imported Shopify Catalog,53353,437838,"Aug 9, 2026",
34107,Flashforge product catalog（EU_de),38200,26,"Jun 10, 2026",
34109,Flashforge product catalog（EU_fr),38200,26,"Jun 10, 2026",
34110,Flashforge product catalog（EU_es),38200,26,"Jun 10, 2026",
34189,Imported Shopify Catalog,53504,160,"Aug 9, 2026",
34219,Imported Shopify Catalog,53683,47,"Aug 9, 2026",
34234,Imported Shopify Catalog,53756,151,"Aug 9, 2026",
34261,Imported Shopify Catalog,53416,154,"Aug 9, 2026",
34273,Imported Shopify Catalog,53212,336,"Aug 9, 2026",
34298,Imported Shopify Catalog,53694,187,"Aug 9, 2026",
34299,Imported Shopify Catalog,53694,187,"Aug 9, 2026",
34301,Imported Shopify Catalog,53695,244,"Aug 9, 2026",
34331,Imported Shopify Catalog,53698,236,"Aug 9, 2026",
34351,Imported Shopify Catalog,53421,776,"Aug 9, 2026",
34565,Only Cert Prep Course Catalog,39854,22793,"Aug 5, 2026",
34614,Imported Shopify Catalog,54380,112,"Aug 9, 2026",
34615,Imported Shopify Catalog,54380,112,"Aug 9, 2026",
34623,Healer Labs ,19970,31,"Aug 9, 2026",
34671,Italist EU Feed,53066,165170,"Aug 9, 2026",
34708,GBP Product feed,43898,2314,"Aug 9, 2026",
34714,Italist UK Feed,53066,148073,"Aug 9, 2026",
34716,Italist US Feed,53066,186041,"Aug 9, 2026",
34831,Imported Shopify Catalog,54756,68272,"Aug 9, 2026",
34832,Imported Shopify Catalog,54756,68272,"Aug 9, 2026",
34981,Imported Shopify Catalog,54844,413,"Aug 9, 2026",
35152,Imported Shopify Catalog,55245,237,"Jul 9, 2026",
35366,Imported Shopify Catalog,55451,679,"Aug 9, 2026",
35463,Data Only eSIM,55758,2173,"Aug 9, 2026",
35470,Imported Shopify Catalog,55661,298,"Aug 9, 2026",
35513,Helloice- ENG-EUR,26893,5678,"Jul 31, 2026",
35638,Imported Shopify Catalog,56066,15,"Aug 9, 2026",
35677,FI en big 1,41671,1000623,"Aug 9, 2026",
35678,FI en big 2,41671,999560,"Aug 9, 2026",
35679,FI en big 3,41671,999391,"Aug 9, 2026",
35680,FI en big 4,41671,999435,"Aug 9, 2026",
35681,FI en big 5,41671,1000987,"Aug 9, 2026",
35682,AU en big 1,41671,1003698,"Aug 9, 2026",
35683,AU en big 2,41671,996974,"Aug 9, 2026",
35684,AU en big 3,41671,1002055,"Aug 9, 2026",
35685,AU en big 4,41671,998202,"Aug 9, 2026",
35686,AU en big 5,41671,999066,"Aug 9, 2026",
35687,GR el big 1,41671,1000772,"Aug 9, 2026",
35688,GR el big 2,41671,998507,"Aug 9, 2026",
35689,GR el big 3,41671,1000147,"Aug 9, 2026",
35690,GR el big 4,41671,999048,"Aug 9, 2026",
35691,GR el big 5,41671,1001521,"Aug 9, 2026",
35732,Imported Shopify Catalog(EU),56322,204,"Aug 9, 2026",
35815,Imported Shopify Catalog,56544,237,"Aug 9, 2026",
35819,catalogue8.4,37610,91,"Aug 4, 2026",
35842,tape in weft hair extensions,37610,304,"Aug 5, 2026",
35874,clip in and tape in hair extensions,37610,1653,"Aug 6, 2026",
35876,butterfly-sew in-tip -scalp-invis clip-tape ,37610,1981,"Aug 6, 2026",
